Freq,Input,Output (word/lemma),"human
checked",Alt,Ordered,Auto ,conflict,L pinky,L ring,L middle,L index,LT1,LT2,RT1,RT2,R index,R middle,R ring ,R pinky,1st,2nd,3rd,,,,,,,,,,,,,,,,,
1,u+o+b+a,about,TRUE,,abou,uoba,0,,u,o,,,,,b,a,,,,a,b,o,,u,o,b,a,,,,,+,,,,,,Keep,about
2,e+c+h+a+s,search,FALSE,,,echas,0,,,,e,c,,h,,a,,s,,s,e,a,,e,c,h,a,s,,,,+,,,,,,Keep,search
3,o+r+h+t,other,FALSE,,,orht,0,,,o,r,,,h,,t,,,,o,t,h,,o,r,h,t,,,,,+,,,,,,Keep,other
4,i+r+m+f+a+n,information,FALSE,,,irmfan,0,,,i,r,m,,f,,a,n,,,i,n,f,,i,r,m,f,a,n,,,+,,,,,,Keep,information
5,i+c+w+h,which,FALSE,,,icwh,0,,,i,,c,w,h,,,,,,w,h,i,,i,c,w,h,,,,,+,,,,,,Keep,which
6,i+e+h+t,their,FALSE,,,ieht,0,,,i,e,,,h,,t,,,,t,h,e,,i,e,h,t,,,,,+,,,,,,Keep,their
7,e+h+t,there,FALSE,,,eht,0,,,,e,,,h,,t,,,,t,h,e,,e,h,t,,,,,,+,,,,,,Keep,there
8,o+c+a+n,contact,FALSE,,,ocan,0,,,o,,c,,,,a,n,,,c,o,n,,o,c,a,n,,,,,+,,,,,,Keep,contact
9,u+i+e+b+n+s,business,FALSE,,,uiebns,0,,u,i,e,,,,b,,n,s,,b,u,s,,u,i,e,b,n,s,,,+,,,,,,Keep,business
10,o+e+n,online,FALSE,,,oen,0,,,o,e,,,,,,n,,,o,n,l,,o,e,n,,,,,,+,,,,,,Keep,online
11,i+r+f+t+s,first,FALSE,,,irfts,0,,,i,r,,,f,,t,,s,,f,i,r,,i,r,f,t,s,,,,+,,,,,,Keep,first
12,u+o+w+d+l,would,FALSE,,,uowdl,0,,u,o,,,w,d,,,l,,,w,o,u,,u,o,w,d,l,,,,+,,,,,,Keep,would
14,e+h+t+s,these,FALSE,,,ehts,0,,,,e,,,h,,t,,s,,t,h,e,,e,h,t,s,,,,,+,,,,,,Keep,these
15,i+c+l,click,FALSE,,,icl,0,,,i,,c,,,,,l,,,c,l,i,,i,c,l,,,,,,+,,,,,,Keep,click
16,i+e+v+s,service,FALSE,,,ievs,0,,,i,e,v,,,,,,s,,s,e,r,,i,e,v,s,,,,,+,,,,,,Keep,service
17,i+r+c+p,price,FALSE,,,ircp,0,,,i,r,c,,p,,,,,,p,r,i,,i,r,c,p,,,,,+,,,,,,Keep,price
18,o+e+p+l,people,FALSE,,,oepl,0,,,o,e,,,p,,,l,,,p,e,o,,o,e,p,l,,,,,+,,,,,,Keep,people
19,e+t+s,state,FALSE,,,ets,0,,,,e,,,,,t,,s,,s,t,a,,e,t,s,,,,,,+,,,,,,Keep,state
20,i+e+m+a+l,email,FALSE,,,iemal,0,,,i,e,m,,,,a,l,,,e,m,a,,i,e,m,a,l,,,,+,,,,,,Keep,email
21,e+h+a+l,health,FALSE,,,ehal,0,,,,e,,,h,,a,l,,,h,e,a,,e,h,a,l,,,,,+,,,,,,Keep,health
22,o+r+w+d+l,world,FALSE,,,orwdl,0,,,o,r,,w,d,,,l,,,w,o,r,,o,r,w,d,l,,,,+,,,,,,Keep,world
24,u+i+m+s,music,FALSE,,,uims,0,,u,i,,m,,,,,,s,,m,u,s,,u,i,m,s,,,,,+,,,,,,Keep,music
25,u+o+h+l+s,should,FALSE,,,uohls,0,,u,o,,,,h,,,l,s,,s,h,o,,u,o,h,l,s,,,,+,,,,,,Keep,should
26,u+o+r+c+p+t,product,FALSE,,,uorcpt,0,,u,o,r,c,,p,,t,,,,p,r,o,,u,o,r,c,p,t,,,+,,,,,,Keep,product
27,e+m+t+s,system,FALSE,,,emts,0,,,,e,m,,,,t,,s,,s,y,s,,e,m,t,s,,,,,+,,,,,,Keep,system
28,o+c+p+l+y,policy,FALSE,,,ocply,0,,,o,,c,,p,,,l,y,,p,o,l,,o,c,p,l,y,,,,+,,,,,,Keep,policy
29,u+r+m+b+n,number,FALSE,,,urmbn,0,,u,,r,m,,,b,,n,,,n,u,m,,u,r,m,b,n,,,,+,,,,,,Keep,number
30,e+p+a+l+s,please,FALSE,,,epals,0,,,,e,,,p,,a,l,s,,p,l,e,,e,p,a,l,s,,,,+,,,,,,Keep,please
31,i+e+v+b+a+l,available,FALSE,,,ievbal,0,,,i,e,v,,,b,a,l,,,a,v,a,,i,e,v,b,a,l,,,+,,,,,,Keep,available
32,o+r+c+g+p+t+y,copyright,FALSE,,,orcgpty,0,,,o,r,c,g,p,,t,,y,,c,o,p,,o,r,c,g,p,t,y,,+,,,,,,Keep,copyright
33,u+o+r+p+t+s,support,FALSE,,,uorpts,0,,u,o,r,,,p,,t,,s,,s,u,p,,u,o,r,p,t,s,,,+,,,,,,Keep,support
34,e+m+g+a+s,message,FALSE,,,emgas,0,,,,e,m,g,,,a,,s,,m,e,s,,e,m,g,a,s,,,,+,,,,,,Keep,message
35,r+f+a,after,FALSE,,,rfa,0,,,,r,,,f,,a,,,,a,f,t,,r,f,a,,,,,,+,,,,,,Keep,after
36,o+r+w+f+a+s,software,FALSE,,,orwfas,0,,,o,r,,w,f,,a,,s,,s,o,f,,o,r,w,f,a,s,,,+,,,,,,Keep,software
37,i+e+v+d,video,FALSE,,,ievd,0,,,i,e,v,,d,,,,,,v,i,d,,i,e,v,d,,,,,+,,,,,,Keep,video
38,e+w+h,where,FALSE,,,ewh,0,,,,e,,w,h,,,,,,w,h,e,,e,w,h,,,,,,+,,,,,,Keep,where
39,i+r+g+h+t+s,rights,FALSE,,,irghts,0,,,i,r,,g,h,,t,,s,,r,i,g,,i,r,g,h,t,s,,,+,,,,,,Keep,rights
40,u+i+c+p+b+l,public,FALSE,,,uicpbl,0,,u,i,,c,,p,b,,l,,,p,u,b,,u,i,c,p,b,l,,,+,,,,,,Keep,public
41,o+k+b+s,books,FALSE,,,okbs,0,,,o,,k,,,b,,,s,,b,o,o,,o,k,b,s,,,,,+,,,,,,Keep,books
42,o+c+h+l+s,school,FALSE,,,ochls,0,,,o,,c,,h,,,l,s,,s,c,h,,o,c,h,l,s,,,,+,,,,,,Keep,school
43,u+o+r+g+h+t,through,FALSE,,,uorght,0,,u,o,r,,g,h,,t,,,,t,h,r,,u,o,r,g,h,t,,,+,,,,,,Keep,through
44,i+k+l+s,links,FALSE,,,ikls,0,,,i,,k,,,,,l,s,,l,i,n,,i,k,l,s,,,,,+,,,,,,Keep,links
45,i+r+v+w,review,FALSE,,,irvw,0,,,i,r,v,w,,,,,,,r,e,v,,i,r,v,w,,,,,+,,,,,,Keep,review
46,e+a+y,years,FALSE,,,eay,0,,,,e,,,,,a,,y,,y,e,a,,e,a,y,,,,,,+,,,,,,Keep,years
47,o+r+d,order,FALSE,,,ord,0,,,o,r,,,d,,,,,,o,r,d,,o,r,d,,,,,,+,,,,,,Keep,order
48,i+r+v+p+a+y,privacy,FALSE,,,irvpay,0,,,i,r,v,,p,,a,,y,,p,r,i,,i,r,v,p,a,y,,,+,,,,,,Keep,privacy
49,i+e+m+t+s,items,FALSE,,,iemts,0,,,i,e,m,,,,t,,s,,i,t,e,,i,e,m,t,s,,,,+,,,,,,Keep,items
50,o+c+p+a+n+y,company,FALSE,,,ocpany,0,,,o,,c,,p,,a,n,y,,c,o,m,,o,c,p,a,n,y,,,+,,,,,,Keep,company
51,u+o+r+g+p,group,FALSE,,,uorgp,0,,u,o,r,,g,p,,,,,,g,r,o,,u,o,r,g,p,,,,+,,,,,,Keep,group
52,u+r+d+n,under,FALSE,,,urdn,0,,u,,r,,,d,,,n,,,u,n,d,,u,r,d,n,,,,,+,,,,,,Keep,under
53,e+g+a+n,general,FALSE,,,egan,0,,,,e,,g,,,a,n,,,g,e,n,,e,g,a,n,,,,,+,,,,,,Keep,general
55,u+i+r+v+t+n+y,university,FALSE,,,uirvtny,0,,u,i,r,v,,,,t,n,y,,u,n,i,,u,i,r,v,t,n,y,,+,,,,,,Keep,university
56,u+r+a+j+y,january,FALSE,,,urajy,0,,u,,r,,,,,a,j,y,,j,a,n,,u,r,a,j,y,,,,+,,,,,,Keep,january
58,o+r+m+g+p+a,program,FALSE,,,ormgpa,0,,,o,r,m,g,p,,a,,,,p,r,o,,o,r,m,g,p,a,,,+,,,,,,Keep,program
60,e+m+g+a+n,management,FALSE,,,emgan,0,,,,e,m,g,,,a,n,,,m,a,n,,e,m,g,a,n,,,,+,,,,,,Keep,management
61,u+o+c+d+l,could,FALSE,,,uocdl,0,,u,o,,c,,d,,,l,,,c,o,u,,u,o,c,d,l,,,,+,,,,,,Keep,could
62,r+g+a,great,FALSE,,,rga,0,,,,r,,g,,,a,,,,g,r,e,,r,g,a,,,,,,+,,,,,,Keep,great
63,u+i+e+d+t+n,united,FALSE,,,uiedtn,0,,u,i,e,,,d,,t,n,,,u,n,i,,u,i,e,d,t,n,,,+,,,,,,Keep,united
64,o+e+h+t+l,hotel,FALSE,,,oehtl,0,,,o,e,,,h,,t,l,,,h,o,t,,o,e,h,t,l,,,,+,,,,,,Keep,hotel
65,i+r+t+n,international,FALSE,,,irtn,0,,,i,r,,,,,t,n,,,i,n,t,,i,r,t,n,,,,,+,,,,,,Keep,international
66,e+c+t+n,center,FALSE,,,ectn,0,,,,e,c,,,,t,n,,,c,e,n,,e,c,t,n,,,,,+,,,,,,Keep,center
67,o+r+t+s,store,FALSE,,,orts,0,,,o,r,,,,,t,,s,,s,t,o,,o,r,t,s,,,,,+,,,,,,Keep,store
68,r+v+t+l,travel,FALSE,,,rvtl,0,,,,r,v,,,,t,l,,,t,r,a,,r,v,t,l,,,,,+,,,,,,Keep,travel
69,o+e+c+t+n+s,comments,FALSE,,,oectns,0,,,o,e,c,,,,t,n,s,,c,o,m,,o,e,c,t,n,s,,,+,,,,,,Keep,comments
70,o+e+v+d+t+l,development,FALSE,,,oevdtl,0,,,o,e,v,,d,,t,l,,,d,e,v,,o,e,v,d,t,l,,,+,,,,,,Keep,development
71,o+r+p+t,report,FALSE,,,orpt,0,,,o,r,,,p,,t,,,,r,e,p,,o,r,p,t,,,,,+,,,,,,Keep,report
72,e+m+b,member,FALSE,,,emb,0,,,,e,m,,,b,,,,,m,e,m,,e,m,b,,,,,,+,,,,,,Keep,member
75,o+e+f+b,before,FALSE,,,oefb,0,,,o,e,,,f,b,,,,,b,e,f,,o,e,f,b,,,,,+,,,,,,Keep,before
77,i+r+g+h+t,right,FALSE,,,irght,0,,,i,r,,g,h,,t,,,,r,i,g,,i,r,g,h,t,,,,+,,,,,,Keep,right
78,u+e+c+b+a+s,because,FALSE,,,uecbas,0,,u,,e,c,,,b,a,,s,,b,e,c,,u,e,c,b,a,s,,,+,,,,,,Keep,because
79,o+c+a+l,local,FALSE,,,ocal,0,,,o,,c,,,,a,l,,,l,o,c,,o,c,a,l,,,,,+,,,,,,Keep,local
80,o+e+h+t+s,those,FALSE,,,oehts,0,,,o,e,,,h,,t,,s,,t,h,o,,o,e,h,t,s,,,,+,,,,,,Keep,those
81,u+i+g+n+s,using,FALSE,,,uigns,0,,u,i,,,g,,,,n,s,,u,s,i,,u,i,g,n,s,,,,+,,,,,,Keep,using
82,u+r+t+l+s,results,FALSE,,,urtls,0,,u,,r,,,,,t,l,s,,r,e,s,,u,r,t,l,s,,,,+,,,,,,Keep,results
83,o+e+c+f,office,FALSE,,,oecf,0,,,o,e,c,,f,,,,,,o,f,f,,o,e,c,f,,,,,+,,,,,,Keep,office
84,u+i+e+c+d+a+n,education,FALSE,,,uiecdan,0,,u,i,e,c,,d,,a,n,,,e,d,u,,u,i,e,c,d,a,n,,+,,,,,,Keep,education
85,i+a+n,national,FALSE,,,ian,0,,,i,,,,,,a,n,,,n,a,t,,i,a,n,,,,,,+,,,,,,Keep,national
86,i+e+g+d+n+s,design,FALSE,,,iegdns,0,,,i,e,,g,d,,,n,s,,d,e,s,,i,e,g,d,n,s,,,+,,,,,,Keep,design
87,o+e+p+t+s,posted,FALSE,,,oepts,0,,,o,e,,,p,,t,,s,,p,o,s,,o,e,p,t,s,,,,+,,,,,,Keep,posted
88,i+r+t+n,internet,FALSE,,,irtn,1,,,i,r,,,,,t,n,,,i,n,t,,i,r,t,n,,,,,+,,,,,,Keep,internet
89,r+d+a+s,address,FALSE,,,rdas,0,,,,r,,,d,,a,,s,,a,d,d,,r,d,a,s,,,,,+,,,,,,Keep,address
90,u+o+c+t+n+y,community,FALSE,,,uoctny,0,,u,o,,c,,,,t,n,y,,c,o,m,,u,o,c,t,n,y,,,+,,,,,,Keep,community
91,i+w+h+t+n,within,FALSE,,,iwhtn,0,,,i,,,w,h,,t,n,,,w,i,t,,i,w,h,t,n,,,,+,,,,,,Keep,within
93,o+e+p+n,phone,FALSE,,,oepn,0,,,o,e,,,p,,,n,,,p,h,o,,o,e,p,n,,,,,+,,,,,,Keep,phone
94,i+g+h+n+s,shipping,FALSE,,,ighns,0,,,i,,,g,h,,,n,s,,s,h,i,,i,g,h,n,s,,,,+,,,,,,Keep,shipping
95,r+v+d+s,reserved,FALSE,,,rvds,0,,,,r,v,,d,,,,s,,r,e,s,,r,v,d,s,,,,,+,,,,,,Keep,reserved
96,u+e+c+b+t+j+s,subject,FALSE,,,uecbtjs,0,,u,,e,c,,,b,t,j,s,,s,u,b,,u,e,c,b,t,j,s,,+,,,,,,Keep,subject
97,e+w+b+t+n,between,FALSE,,,ewbtn,0,,,,e,,w,,b,t,n,,,b,e,t,,e,w,b,t,n,,,,+,,,,,,Keep,between
98,u+o+r+m+f,forum,FALSE,,,uormf,0,,u,o,r,m,,f,,,,,,f,o,r,,u,o,r,m,f,,,,+,,,,,,Keep,forum
99,i+m+f+a+l+y,family,FALSE,,,imfaly,0,,,i,,m,,f,,a,l,y,,f,a,m,,i,m,f,a,l,y,,,+,,,,,,Keep,family
100,e+d+b+a+s,based,FALSE,,,edbas,0,,,,e,,,d,b,a,,s,,b,a,s,,e,d,b,a,s,,,,+,,,,,,Keep,based
101,k+b+a+l,black,FALSE,,,kbal,0,,,,,k,,,b,a,l,,,b,l,a,,k,b,a,l,,,,,+,,,,,,Keep,black
102,e+c+h,check,FALSE,,,ech,0,,,,e,c,,h,,,,,,c,h,e,,e,c,h,,,,,,+,,,,,,Keep,check
103,i+e+c+p+a+l+s,special,FALSE,,,iecpals,0,,,i,e,c,,p,,a,l,s,,s,p,e,,i,e,c,p,a,l,s,,+,,,,,,Keep,special
104,i+r+c+p+s,prices,FALSE,,,ircps,0,,,i,r,c,,p,,,,s,,p,r,i,,i,r,c,p,s,,,,+,,,,,,Keep,prices
105,i+e+w+b+t+s,website,FALSE,,,iewbts,0,,,i,e,,w,,b,t,,s,,w,e,b,,i,e,w,b,t,s,,,+,,,,,,Keep,website
106,i+e+d+x+n,index,FALSE,,,iedxn,0,,,i,e,,,d,x,,n,,,i,n,d,,i,e,d,x,n,,,,+,,,,,,Keep,index
107,i+e+g+b+n,being,FALSE,,,iegbn,0,,,i,e,,g,,b,,n,,,b,e,i,,i,e,g,b,n,,,,+,,,,,,Keep,being
108,o+e+m+w+n,women,FALSE,,,oemwn,0,,,o,e,m,w,,,,n,,,w,o,m,,o,e,m,w,n,,,,+,,,,,,Keep,women
109,o+d+t+y,today,FALSE,,,odty,0,,,o,,,,d,,t,,y,,t,o,d,,o,d,t,y,,,,,+,,,,,,Keep,today
110,o+e+c+g+h+t+l+y,technology,FALSE,,,oecghtly,0,,,o,e,c,g,h,,t,l,y,,t,e,c,,o,e,c,g,h,t,l,y,+,,,,,,Keep,technology
111,u+o+h+t+s,south,FALSE,,,uohts,0,,u,o,,,,h,,t,,s,,s,o,u,,u,o,h,t,s,,,,+,,,,,,Keep,south
112,o+r+c+p+t+j,project,FALSE,,,orcptj,0,,,o,r,c,,p,,t,j,,,p,r,o,,o,r,c,p,t,j,,,+,,,,,,Keep,project
113,e+g+p+a+s,pages,FALSE,,,egpas,0,,,,e,,g,p,,a,,s,,p,a,g,,e,g,p,a,s,,,,+,,,,,,Keep,pages
114,i+e+v+n+s,version,FALSE,,,ievns,0,,,i,e,v,,,,,n,s,,v,e,r,,i,e,v,n,s,,,,+,,,,,,Keep,version
115,i+e+c+t+n+s,section,FALSE,,,iectns,0,,,i,e,c,,,,t,n,s,,s,e,c,,i,e,c,t,n,s,,,+,,,,,,Keep,section
116,u+o+f+n,found,FALSE,,,uofn,0,,u,o,,,,f,,,n,,,f,o,u,,u,o,f,n,,,,,+,,,,,,Keep,found
117,o+r+p+t+s,sports,FALSE,,,orpts,0,,,o,r,,,p,,t,,s,,s,p,o,,o,r,p,t,s,,,,+,,,,,,Keep,sports
118,u+o+e+h+s,house,FALSE,,,uoehs,0,,u,o,e,,,h,,,,s,,h,o,u,,u,o,e,h,s,,,,+,,,,,,Keep,house
119,r+d+a+l,related,FALSE,,,rdal,0,,,,r,,,d,,a,l,,,r,e,l,,r,d,a,l,,,,,+,,,,,,Keep,related
120,u+i+e+c+t+s,security,FALSE,,,uiects,0,,u,i,e,c,,,,t,,s,,s,e,c,,u,i,e,c,t,s,,,+,,,,,,Keep,security
121,u+o+c+t+n+y,county,FALSE,,,uoctny,1,,u,o,,c,,,,t,n,y,,c,o,u,,u,o,c,t,n,y,,,+,,,,,,Keep,county
122,i+e+m+a+n,american,FALSE,,,ieman,0,,,i,e,m,,,,a,n,,,a,m,e,,i,e,m,a,n,,,,+,,,,,,Keep,american
123,o+p+t,photo,FALSE,,,opt,0,,,o,,,,p,,t,,,,p,h,o,,o,p,t,,,,,,+,,,,,,Keep,photo
124,e+m+b+s,members,FALSE,,,embs,0,,,,e,m,,,b,,,s,,m,e,m,,e,m,b,s,,,,,+,,,,,,Keep,members
125,o+r+w+p,power,FALSE,,,orwp,0,,,o,r,,w,p,,,,,,p,o,w,,o,r,w,p,,,,,+,,,,,,Keep,power
126,i+e+w+h+l,while,FALSE,,,iewhl,0,,,i,e,,w,h,,,l,,,w,h,i,,i,e,w,h,l,,,,+,,,,,,Keep,while
127,o+e+k+w+t+n,network,FALSE,,,oekwtn,0,,,o,e,k,w,,,t,n,,,n,e,t,,o,e,k,w,t,n,,,+,,,,,,Keep,network
128,u+o+r+c+p+t,computer,FALSE,,,uorcpt,1,,u,o,r,c,,p,,t,,,,c,o,m,,u,o,r,c,p,t,,,+,,,,,,Keep,computer
130,r+h+t,three,FALSE,,,rht,0,,,,r,,,h,,t,,,,t,h,r,,r,h,t,,,,,,+,,,,,,Keep,three
131,o+t+l,total,FALSE,,,otl,0,,,o,,,,,,t,l,,,t,o,t,,o,t,l,,,,,,+,,,,,,Keep,total
132,e+c+p+a+l,place,FALSE,,,ecpal,0,,,,e,c,,p,,a,l,,,p,l,a,,e,c,p,a,l,,,,+,,,,,,Keep,place
133,o+g+f+l,following,FALSE,,,ogfl,0,,,o,,,g,f,,,l,,,f,o,l,,o,g,f,l,,,,,+,,,,,,Keep,following
134,o+w+d+a+l,download,FALSE,,,owdal,0,,,o,,,w,d,,a,l,,,d,o,w,,o,w,d,a,l,,,,+,,,,,,Keep,download
135,u+i+w+h+t,without,FALSE,,,uiwht,0,,u,i,,,w,h,,t,,,,w,i,t,,u,i,w,h,t,,,,+,,,,,,Keep,without
136,e+c+a+s,access,FALSE,,,ecas,0,,,,e,c,,,,a,,s,,a,c,c,,e,c,a,s,,,,,+,,,,,,Keep,access
137,i+k+h+t+n,think,FALSE,,,ikhtn,0,,,i,,k,,h,,t,n,,,t,h,i,,i,k,h,t,n,,,,+,,,,,,Keep,think
138,o+r+h+t+n,north,FALSE,,,orhtn,0,,,o,r,,,h,,t,n,,,n,o,r,,o,r,h,t,n,,,,+,,,,,,Keep,north
139,u+o+r+c+s,resources,FALSE,,,uorcs,0,,u,o,r,c,,,,,,s,,r,e,s,,u,o,r,c,s,,,,+,,,,,,Keep,resources
140,u+r+c+t+n,current,FALSE,,,urctn,0,,u,,r,c,,,,t,n,,,c,u,r,,u,r,c,t,n,,,,+,,,,,,Keep,current
142,i+e+m+d+a,media,FALSE,,,iemda,0,,,i,e,m,,d,,a,,,,m,e,d,,i,e,m,d,a,,,,+,,,,,,Keep,media
143,o+r+c+t+n,control,FALSE,,,orctn,0,,,o,r,c,,,,t,n,,,c,o,n,,o,r,c,t,n,,,,+,,,,,,Keep,control
144,r+w+a,water,FALSE,,,rwa,0,,,,r,,w,,,a,,,,w,a,t,,r,w,a,,,,,,+,,,,,,Keep,water
145,i+r+h+t+s,history,FALSE,,,irhts,0,,,i,r,,,h,,t,,s,,h,i,s,,i,r,h,t,s,,,,+,,,,,,Keep,history
146,u+i+r+c+p+t+s,pictures,FALSE,,,uircpts,0,,u,i,r,c,,p,,t,,s,,p,i,c,,u,i,r,c,p,t,s,,+,,,,,,Keep,pictures
147,o+e+p+a+l+s,personal,FALSE,,,oepals,0,,,o,e,,,p,,a,l,s,,p,e,r,,o,e,p,a,l,s,,,+,,,,,,Keep,personal
148,i+e+c+n+s,since,FALSE,,,iecns,0,,,i,e,c,,,,,n,s,,s,i,n,,i,e,c,n,s,,,,+,,,,,,Keep,since
149,u+i+c+g+d+n,including,FALSE,,,uicgdn,0,,u,i,,c,g,d,,,n,,,i,n,c,,u,i,c,g,d,n,,,+,,,,,,Keep,including
150,u+i+e+g+d,guide,FALSE,,,uiegd,0,,u,i,e,,g,d,,,,,,g,u,i,,u,i,e,g,d,,,,+,,,,,,Keep,guide
151,i+r+c+d+t+y,directory,FALSE,,,ircdty,0,,,i,r,c,,d,,t,,y,,d,i,r,,i,r,c,d,t,y,,,+,,,,,,Keep,directory
152,o+r+d+b+a,board,FALSE,,,ordba,0,,,o,r,,,d,b,a,,,,b,o,a,,o,r,d,b,a,,,,+,,,,,,Keep,board
153,o+c+a+l,location,FALSE,,,ocal,1,,,o,,c,,,,a,l,,,l,o,c,,o,c,a,l,,,,,+,,,,,,Keep,location
154,e+c+g+h+a+n,change,FALSE,,,ecghan,0,,,,e,c,g,h,,a,n,,,c,h,a,,e,c,g,h,a,n,,,+,,,,,,Keep,change
155,i+e+w+h+t,white,FALSE,,,iewht,0,,,i,e,,w,h,,t,,,,w,h,i,,i,e,w,h,t,,,,+,,,,,,Keep,white
156,m+a+l+s,small,FALSE,,,mals,0,,,,,m,,,,a,l,s,,s,m,a,,m,a,l,s,,,,,+,,,,,,Keep,small
157,i+r+g+a+n,rating,FALSE,,,irgan,0,,,i,r,,g,,,a,n,,,r,a,t,,i,r,g,a,n,,,,+,,,,,,Keep,rating
158,o+r+v+g+t+n,government,FALSE,,,orvgtn,0,,,o,r,v,g,,,t,n,,,g,o,v,,o,r,v,g,t,n,,,+,,,,,,Keep,government
159,i+r+c+h+l,children,FALSE,,,irchl,0,,,i,r,c,,h,,,l,,,c,h,i,,i,r,c,h,l,,,,+,,,,,,Keep,children
160,u+i+r+g+d+n,during,FALSE,,,uirgdn,0,,u,i,r,,g,d,,,n,,,d,u,r,,u,i,r,g,d,n,,,+,,,,,,Keep,during
161,u+r+t+n,return,FALSE,,,urtn,0,,u,,r,,,,,t,n,,,r,e,t,,u,r,t,n,,,,,+,,,,,,Keep,return
162,u+e+d+t+n+s,students,FALSE,,,uedtns,0,,u,,e,,,d,,t,n,s,,s,t,u,,u,e,d,t,n,s,,,+,,,,,,Keep,students
163,o+g+h+n+s,shopping,FALSE,,,oghns,0,,,o,,,g,h,,,n,s,,s,h,o,,o,g,h,n,s,,,,+,,,,,,Keep,shopping
164,u+o+c+a+n,account,FALSE,,,uocan,0,,u,o,,c,,,,a,n,,,a,c,c,,u,o,c,a,n,,,,+,,,,,,Keep,account
166,i+e+t+s,sites,FALSE,,,iets,0,,,i,e,,,,,t,,s,,s,i,t,,i,e,t,s,,,,,+,,,,,,Keep,sites
167,e+v+l,level,FALSE,,,evl,0,,,,e,v,,,,,l,,,l,e,v,,e,v,l,,,,,,+,,,,,,Keep,level
168,i+g+d+a+l,digital,FALSE,,,igdal,0,,,i,,,g,d,,a,l,,,d,i,g,,i,g,d,a,l,,,,+,,,,,,Keep,digital
169,o+r+p+l,profile,FALSE,,,orpl,0,,,o,r,,,p,,,l,,,p,r,o,,o,r,p,l,,,,,+,,,,,,Keep,profile
170,u+i+r+v+p+s,previous,FALSE,,,uirvps,0,,u,i,r,v,,p,,,,s,,p,r,e,,u,i,r,v,p,s,,,+,,,,,,Keep,previous
171,e+v+t+n+s,events,FALSE,,,evtns,0,,,,e,v,,,,t,n,s,,e,v,e,,e,v,t,n,s,,,,+,,,,,,Keep,events
172,u+o+r+h+s,hours,FALSE,,,uorhs,0,,u,o,r,,,h,,,,s,,h,o,u,,u,o,r,h,s,,,,+,,,,,,Keep,hours
173,i+e+m+g+a,image,FALSE,,,iemga,0,,,i,e,m,g,,,a,,,,i,m,a,,i,e,m,g,a,,,,+,,,,,,Keep,image
174,e+m+d+a+n,department,FALSE,,,emdan,0,,,,e,m,,d,,a,n,,,d,e,p,,e,m,d,a,n,,,,+,,,,,,Keep,department
175,i+e+t+l,title,FALSE,,,ietl,0,,,i,e,,,,,t,l,,,t,i,t,,i,e,t,l,,,,,+,,,,,,Keep,title
176,i+e+c+d+t+n+s,description,FALSE,,,iecdtns,0,,,i,e,c,,d,,t,n,s,,d,e,s,,i,e,c,d,t,n,s,,+,,,,,,Keep,description
177,u+i+r+c+a+n+s,insurance,FALSE,,,uircans,0,,u,i,r,c,,,,a,n,s,,i,n,s,,u,i,r,c,a,n,s,,+,,,,,,Keep,insurance
178,o+r+h+a+n,another,FALSE,,,orhan,0,,,o,r,,,h,,a,n,,,a,n,o,,o,r,h,a,n,,,,+,,,,,,Keep,another
179,h+a+l+s,shall,FALSE,,,hals,0,,,,,,,h,,a,l,s,,s,h,a,,h,a,l,s,,,,,+,,,,,,Keep,shall
180,o+r+p+t+y,property,FALSE,,,orpty,0,,,o,r,,,p,,t,,y,,p,r,o,,o,r,p,t,y,,,,+,,,,,,Keep,property
181,c+a+l+s,class,FALSE,,,cals,0,,,,,c,,,,a,l,s,,c,l,a,,c,a,l,s,,,,,+,,,,,,Keep,class
182,i+t+l+s,still,FALSE,,,itls,0,,,i,,,,,,t,l,s,,s,t,i,,i,t,l,s,,,,,+,,,,,,Keep,still
183,o+e+m+n+y,money,FALSE,,,oemny,0,,,o,e,m,,,,,n,y,,m,o,n,,o,e,m,n,y,,,,+,,,,,,Keep,money
184,u+i+q+a+l+y,quality,FALSE,,,uiqaly,0,,u,i,,,,,q,a,l,y,,q,u,a,,u,i,q,a,l,y,,,+,,,,,,Keep,quality
185,e+v+y,every,FALSE,,,evy,0,,,,e,v,,,,,,y,,e,v,e,,e,v,y,,,,,,+,,,,,,Keep,every
186,i+g+t+l+s,listing,FALSE,,,igtls,0,,,i,,,g,,,t,l,s,,l,i,s,,i,g,t,l,s,,,,+,,,,,,Keep,listing
187,o+e+c+t+n,content,FALSE,,,oectn,0,,,o,e,c,,,,t,n,,,c,o,n,,o,e,c,t,n,,,,+,,,,,,Keep,content
188,u+o+r+c+t+n+y,country,FALSE,,,uorctny,0,,u,o,r,c,,,,t,n,y,,c,o,u,,u,o,r,c,t,n,y,,+,,,,,,Keep,country
189,i+r+v+p+a,private,FALSE,,,irvpa,0,,,i,r,v,,p,,a,,,,p,r,i,,i,r,v,p,a,,,,+,,,,,,Keep,private
190,i+e+t+l,little,FALSE,,,ietl,1,,,i,e,,,,,t,l,,,l,i,t,,i,e,t,l,,,,,+,,,,,,Keep,little
191,i+v+t+s,visit,FALSE,,,ivts,0,,,i,,v,,,,t,,s,,v,i,s,,i,v,t,s,,,,,+,,,,,,Keep,visit
192,o+t+l+s,tools,FALSE,,,otls,0,,,o,,,,,,t,l,s,,t,o,o,,o,t,l,s,,,,,+,,,,,,Keep,tools
193,r+p+l+y,reply,FALSE,,,rply,0,,,,r,,,p,,,l,y,,r,e,p,,r,p,l,y,,,,,+,,,,,,Keep,reply
194,u+o+r+c+t+s,customer,FALSE,,,uorcts,0,,u,o,r,c,,,,t,,s,,c,u,s,,u,o,r,c,t,s,,,+,,,,,,Keep,customer
195,e+c+d+b,december,FALSE,,,ecdb,0,,,,e,c,,d,b,,,,,d,e,c,,e,c,d,b,,,,,+,,,,,,Keep,december
196,o+r+c+p+a,compare,FALSE,,,orcpa,0,,,o,r,c,,p,,a,,,,c,o,m,,o,r,c,p,a,,,,+,,,,,,Keep,compare
197,o+e+m+s,movies,FALSE,,,oems,0,,,o,e,m,,,,,,s,,m,o,v,,o,e,m,s,,,,,+,,,,,,Keep,movies
198,u+i+e+c+d+n,include,FALSE,,,uiecdn,0,,u,i,e,c,,d,,,n,,,i,n,c,,u,i,e,c,d,n,,,+,,,,,,Keep,include
199,o+e+c+g+l,college,FALSE,,,oecgl,0,,,o,e,c,g,,,,l,,,c,o,l,,o,e,c,g,l,,,,+,,,,,,Keep,college
200,u+e+v+a+l,value,FALSE,,,ueval,0,,u,,e,v,,,,a,l,,,v,a,l,,u,e,v,a,l,,,,+,,,,,,Keep,value
201,i+r+c+a+l,article,FALSE,,,ircal,0,,,i,r,c,,,,a,l,,,a,r,t,,i,r,c,a,l,,,,+,,,,,,Keep,article
202,o+r+v+p,provide,FALSE,,,orvp,0,,,o,r,v,,p,,,,,,p,r,o,,o,r,v,p,,,,,+,,,,,,Keep,provide
203,u+o+r+c+s,source,FALSE,,,uorcs,1,,u,o,r,c,,,,,,s,,s,o,u,,u,o,r,c,s,,,,+,,,,,,Keep,source
204,u+o+r+h+a,author,FALSE,,,uorha,0,,u,o,r,,,h,,a,,,,a,u,t,,u,o,r,h,a,,,,+,,,,,,Keep,author
205,i+r+d+t+n,different,FALSE,,,irdtn,0,,,i,r,,,d,,t,n,,,d,i,f,,i,r,d,t,n,,,,+,,,,,,Keep,different
206,r+p+s,press,FALSE,,,rps,0,,,,r,,,p,,,,s,,p,r,e,,r,p,s,,,,,,+,,,,,,Keep,press
207,e+a+l,learn,FALSE,,,eal,0,,,,e,,,,,a,l,,,l,e,a,,e,a,l,,,,,,+,,,,,,Keep,learn
208,u+o+r+d+a+n,around,FALSE,,,uordan,0,,u,o,r,,,d,,a,n,,,a,r,o,,u,o,r,d,a,n,,,+,,,,,,Keep,around
209,i+r+p+t+n,print,FALSE,,,irptn,0,,,i,r,,,p,,t,n,,,p,r,i,,i,r,p,t,n,,,,+,,,,,,Keep,print
210,u+o+r+c+s,course,FALSE,,,uorcs,2,,u,o,r,c,,,,,,s,,c,o,u,,u,o,r,c,s,,,,+,,,,,,Keep,course
211,c+d+a+n,canada,FALSE,,,cdan,0,,,,,c,,d,,a,n,,,c,a,n,,c,d,a,n,,,,,+,,,,,,Keep,canada
212,o+r+c+p+s,process,FALSE,,,orcps,0,,,o,r,c,,p,,,,s,,p,r,o,,o,r,c,p,s,,,,+,,,,,,Keep,process
213,o+k+t+s,stock,FALSE,,,okts,0,,,o,,k,,,,t,,s,,s,t,o,,o,k,t,s,,,,,+,,,,,,Keep,stock
214,i+r+g+t+n,training,FALSE,,,irgtn,0,,,i,r,,g,,,t,n,,,t,r,a,,i,r,g,t,n,,,,+,,,,,,Keep,training
215,i+r+c+d+t,credit,FALSE,,,ircdt,0,,,i,r,c,,d,,t,,,,c,r,e,,i,r,c,d,t,,,,+,,,,,,Keep,credit
216,o+p+t+n,point,FALSE,,,optn,0,,,o,,,,p,,t,n,,,p,o,i,,o,p,t,n,,,,,+,,,,,,Keep,point
217,i+e+c+n+s,science,FALSE,,,iecns,1,,,i,e,c,,,,,n,s,,s,c,i,,i,e,c,n,s,,,,+,,,,,,Keep,science
218,i+r+c+g+a+s,categories,FALSE,,,ircgas,0,,,i,r,c,g,,,a,,s,,c,a,t,,i,r,c,g,a,s,,,+,,,,,,Keep,categories
219,e+v+d+a+n,advanced,FALSE,,,evdan,0,,,,e,v,,d,,a,n,,,a,d,v,,e,v,d,a,n,,,,+,,,,,,Keep,advanced
220,e+a+l+s,sales,FALSE,,,eals,0,,,,e,,,,,a,l,s,,s,a,l,,e,a,l,s,,,,,+,,,,,,Keep,sales
221,i+e+g+h+n+s,english,FALSE,,,ieghns,0,,,i,e,,g,h,,,n,s,,e,n,g,,i,e,g,h,n,s,,,+,,,,,,Keep,english
222,e+t+s,estate,FALSE,,,ets,1,,,,e,,,,,t,,s,,e,s,t,,e,t,s,,,,,,+,,,,,,Keep,estate
223,o+c+d+t+n+s,conditions,FALSE,,,ocdtns,0,,,o,,c,,d,,t,n,s,,c,o,n,,o,c,d,t,n,s,,,+,,,,,,Keep,conditions
224,e+c+t+l+s,select,FALSE,,,ectls,0,,,,e,c,,,,t,l,s,,s,e,l,,e,c,t,l,s,,,,+,,,,,,Keep,select
225,i+w+d+n+s,windows,FALSE,,,iwdns,0,,,i,,,w,d,,,n,s,,w,i,n,,i,w,d,n,s,,,,+,,,,,,Keep,windows
226,o+p+t+s,photos,FALSE,,,opts,0,,,o,,,,p,,t,,s,,p,h,o,,o,p,t,s,,,,,+,,,,,,Keep,photos
227,r+h+t,thread,FALSE,,,rht,1,,,,r,,,h,,t,,,,t,h,r,,r,h,t,,,,,,+,,,,,,Keep,thread
228,o+r+c+g+a+y,category,FALSE,,,orcgay,0,,,o,r,c,g,,,a,,y,,c,a,t,,o,r,c,g,a,y,,,+,,,,,,Keep,category
229,r+g+a+l,large,FALSE,,,rgal,0,,,,r,,g,,,a,l,,,l,a,r,,r,g,a,l,,,,,+,,,,,,Keep,large
230,r+g+a+l+y,gallery,FALSE,,,rgaly,0,,,,r,,g,,,a,l,y,,g,a,l,,r,g,a,l,y,,,,+,,,,,,Keep,gallery
231,e+b+t+l,table,FALSE,,,ebtl,0,,,,e,,,,b,t,l,,,t,a,b,,e,b,t,l,,,,,+,,,,,,Keep,table
232,i+r+g+t+s,register,FALSE,,,irgts,0,,,i,r,,g,,,t,,s,,r,e,g,,i,r,g,t,s,,,,+,,,,,,Keep,register
233,o+r+v+w+h,however,FALSE,,,orvwh,0,,,o,r,v,w,h,,,,,,h,o,w,,o,r,v,w,h,,,,+,,,,,,Keep,however
234,o+r+c+b+t,october,FALSE,,,orcbt,0,,,o,r,c,,,b,t,,,,o,c,t,,o,r,c,b,t,,,,+,,,,,,Keep,october
235,o+r+v+b+n,november,FALSE,,,orvbn,0,,,o,r,v,,,b,,n,,,n,o,v,,o,r,v,b,n,,,,+,,,,,,Keep,november
236,r+m+a,market,FALSE,,,rma,0,,,,r,m,,,,a,,,,m,a,r,,r,m,a,,,,,,+,,,,,,Keep,market
237,i+r+b+a+l+y,library,FALSE,,,irbaly,0,,,i,r,,,,b,a,l,y,,l,i,b,,i,r,b,a,l,y,,,+,,,,,,Keep,library
238,r+a+l+y,really,FALSE,,,raly,0,,,,r,,,,,a,l,y,,r,e,a,,r,a,l,y,,,,,+,,,,,,Keep,really
239,i+c+a+n,action,FALSE,,,ican,0,,,i,,c,,,,a,n,,,a,c,t,,i,c,a,n,,,,,+,,,,,,Keep,action
240,r+t+s,start,FALSE,,,rts,0,,,,r,,,,,t,,s,,s,t,a,,r,t,s,,,,,,+,,,,,,Keep,start
241,i+e+s,series,FALSE,,,ies,0,,,i,e,,,,,,,s,,s,e,r,,i,e,s,,,,,,+,,,,,,Keep,series
242,o+e+m+d+l,model,FALSE,,,oemdl,0,,,o,e,m,,d,,,l,,,m,o,d,,o,e,m,d,l,,,,+,,,,,,Keep,model
243,u+e+f+a+s,features,FALSE,,,uefas,0,,u,,e,,,f,,a,,s,,f,e,a,,u,e,f,a,s,,,,+,,,,,,Keep,features
244,u+i+r+d+t+n+y,industry,FALSE,,,uirdtny,0,,u,i,r,,,d,,t,n,y,,i,n,d,,u,i,r,d,t,n,y,,+,,,,,,Keep,industry
245,u+m+h+a+n,human,FALSE,,,umhan,0,,u,,,m,,h,,a,n,,,h,u,m,,u,m,h,a,n,,,,+,,,,,,Keep,human
246,o+r+v+p,provided,FALSE,,,orvp,1,,,o,r,v,,p,,,,,,p,r,o,,o,r,v,p,,,,,+,,,,,,Keep,provided
247,u+i+r+d+q,required,FALSE,,,uirdq,0,,u,i,r,,,d,q,,,,,r,e,q,,u,i,r,d,q,,,,+,,,,,,Keep,required
248,o+e+c+d+n+s,second,FALSE,,,oecdns,0,,,o,e,c,,d,,,n,s,,s,e,c,,o,e,c,d,n,s,,,+,,,,,,Keep,second
249,i+r+c+a+s,accessories,FALSE,,,ircas,0,,,i,r,c,,,,a,,s,,a,c,c,,i,r,c,a,s,,,,+,,,,,,Keep,accessories
250,o+e+m,movie,FALSE,,,oem,0,,,o,e,m,,,,,,,,m,o,v,,o,e,m,,,,,,+,,,,,,Keep,movie
251,u+o+r+m+f+s,forums,FALSE,,,uormfs,0,,u,o,r,m,,f,,,,s,,f,o,r,,u,o,r,m,f,s,,,+,,,,,,Keep,forums
252,r+m+h+a,march,FALSE,,,rmha,0,,,,r,m,,h,,a,,,,m,a,r,,r,m,h,a,,,,,+,,,,,,Keep,march
253,e+m+p+b+t+s,september,FALSE,,,empbts,0,,,,e,m,,p,b,t,,s,,s,e,p,,e,m,p,b,t,s,,,+,,,,,,Keep,september
254,e+b+t,better,FALSE,,,ebt,0,,,,e,,,,b,t,,,,b,e,t,,e,b,t,,,,,,+,,,,,,Keep,better
255,u+i+e+q+t+n+s,questions,FALSE,,,uieqtns,0,,u,i,e,,,,q,t,n,s,,q,u,e,,u,i,e,q,t,n,s,,+,,,,,,Keep,questions
256,o+h+a+y,yahoo,FALSE,,,ohay,0,,,o,,,,h,,a,,y,,y,a,h,,o,h,a,y,,,,,+,,,,,,Keep,yahoo
257,o+g+n,going,FALSE,,,ogn,0,,,o,,,g,,,,n,,,g,o,i,,o,g,n,,,,,,+,,,,,,Keep,going
258,i+e+m+d+a+l,medical,FALSE,,,iemdal,0,,,i,e,m,,d,,a,l,,,m,e,d,,i,e,m,d,a,l,,,+,,,,,,Keep,medical
259,i+r+f+n,friend,FALSE,,,irfn,0,,,i,r,,,f,,,n,,,f,r,i,,i,r,f,n,,,,,+,,,,,,Keep,friend
260,e+v+s,server,FALSE,,,evs,0,,,,e,v,,,,,,s,,s,e,r,,e,v,s,,,,,,+,,,,,,Keep,server
261,u+d+t+s,study,FALSE,,,udts,0,,u,,,,,d,,t,,s,,s,t,u,,u,d,t,s,,,,,+,,,,,,Keep,study
262,i+c+p+a+l,application,FALSE,,,icpal,0,,,i,,c,,p,,a,l,,,a,p,p,,i,c,p,a,l,,,,+,,,,,,Keep,application
263,f+t+s,staff,FALSE,,,fts,0,,,,,,,f,,t,,s,,s,t,a,,f,t,s,,,,,,+,,,,,,Keep,staff
264,i+r+c+a+l+s,articles,FALSE,,,ircals,0,,,i,r,c,,,,a,l,s,,a,r,t,,i,r,c,a,l,s,,,+,,,,,,Keep,articles
265,e+k+f+b+a,feedback,FALSE,,,ekfba,0,,,,e,k,,f,b,a,,,,f,e,e,,e,k,f,b,a,,,,+,,,,,,Keep,feedback
266,i+g+a+n,again,FALSE,,,igan,0,,,i,,,g,,,a,n,,,a,g,a,,i,g,a,n,,,,,+,,,,,,Keep,again
267,o+k+g+l,looking,FALSE,,,okgl,0,,,o,,k,g,,,,l,,,l,o,o,,o,k,g,l,,,,,+,,,,,,Keep,looking
268,u+i+e+s,issues,FALSE,,,uies,0,,u,i,e,,,,,,,s,,i,s,s,,u,i,e,s,,,,,+,,,,,,Keep,issues
269,i+r+p+a+l,april,FALSE,,,irpal,0,,,i,r,,,p,,a,l,,,a,p,r,,i,r,p,a,l,,,,+,,,,,,Keep,april
270,e+v+n,never,FALSE,,,evn,0,,,,e,v,,,,,n,,,n,e,v,,e,v,n,,,,,,+,,,,,,Keep,never
271,u+e+s,users,FALSE,,,ues,0,,u,,e,,,,,,,s,,u,s,e,,u,e,s,,,,,,+,,,,,,Keep,users
272,o+e+c+p+t+l,complete,FALSE,,,oecptl,0,,,o,e,c,,p,,t,l,,,c,o,m,,o,e,c,p,t,l,,,+,,,,,,Keep,complete
273,r+t+s,street,FALSE,,,rts,1,,,,r,,,,,t,,s,,s,t,r,,r,t,s,,,,,,+,,,,,,Keep,street
274,o+c+p+t,topic,FALSE,,,ocpt,0,,,o,,c,,p,,t,,,,t,o,p,,o,c,p,t,,,,,+,,,,,,Keep,topic
275,o+e+c+t+n,comment,FALSE,,,oectn,1,,,o,e,c,,,,t,n,,,c,o,m,,o,e,c,t,n,,,,+,,,,,,Keep,comment
276,i+c+f+a+n,financial,FALSE,,,icfan,0,,,i,,c,,f,,a,n,,,f,i,n,,i,c,f,a,n,,,,+,,,,,,Keep,financial
277,i+g+h+t+n+s,things,FALSE,,,ightns,0,,,i,,,g,h,,t,n,s,,t,h,i,,i,g,h,t,n,s,,,+,,,,,,Keep,things
278,o+r+k+w+n,working,FALSE,,,orkwn,0,,,o,r,k,w,,,,n,,,w,o,r,,o,r,k,w,n,,,,+,,,,,,Keep,working
279,i+g+a+n+s,against,FALSE,,,igans,0,,,i,,,g,,,a,n,s,,a,g,a,,i,g,a,n,s,,,,+,,,,,,Keep,against
280,r+d+t+n+s,standard,FALSE,,,rdtns,0,,,,r,,,d,,t,n,s,,s,t,a,,r,d,t,n,s,,,,+,,,,,,Keep,standard
281,o+e+p+n+s,person,FALSE,,,oepns,0,,,o,e,,,p,,,n,s,,p,e,r,,o,e,p,n,s,,,,+,,,,,,Keep,person
282,o+e+w+b+l,below,FALSE,,,oewbl,0,,,o,e,,w,,b,,l,,,b,e,l,,o,e,w,b,l,,,,+,,,,,,Keep,below
283,o+e+m+b+l,mobile,FALSE,,,oembl,0,,,o,e,m,,,b,,l,,,m,o,b,,o,e,m,b,l,,,,+,,,,,,Keep,mobile
284,r+p+a+y,party,FALSE,,,rpay,0,,,,r,,,p,,a,,y,,p,a,r,,r,p,a,y,,,,,+,,,,,,Keep,party
284,e+m+p+a+n+y,payment,FALSE,,,empany,0,,,,e,m,,p,,a,n,y,,p,a,y,,e,m,p,a,n,y,,,+,,,,,,Keep,payment
285,u+i+e+m+p+q+t+n,equipment,FALSE,,,uiempqtn,0,,u,i,e,m,,p,q,t,n,,,e,q,u,,u,i,e,m,p,q,t,n,+,,,,,,Keep,equipment
286,o+g+l,login,FALSE,,,ogl,0,,,o,,,g,,,,l,,,l,o,g,,o,g,l,,,,,,+,,,,,,Keep,login
287,u+e+d+t+n+s,student,FALSE,,,uedtns,1,,u,,e,,,d,,t,n,s,,s,t,u,,u,e,d,t,n,s,,,+,,,,,,Keep,student
288,o+r+m+g+p+a+s,programs,FALSE,,,ormgpas,0,,,o,r,m,g,p,,a,,s,,p,r,o,,o,r,m,g,p,a,s,,+,,,,,,Keep,programs
289,o+r+f+s,offers,FALSE,,,orfs,0,,,o,r,,,f,,,,s,,o,f,f,,o,r,f,s,,,,,+,,,,,,Keep,offers
290,e+g+a+l,legal,FALSE,,,egal,0,,,,e,,g,,,a,l,,,l,e,g,,e,g,a,l,,,,,+,,,,,,Keep,legal
291,o+e+v+b+a,above,FALSE,,,oevba,0,,,o,e,v,,,b,a,,,,a,b,o,,o,e,v,b,a,,,,+,,,,,,Keep,above
292,r+c+t+n,recent,FALSE,,,rctn,0,,,,r,c,,,,t,n,,,r,e,c,,r,c,t,n,,,,,+,,,,,,Keep,recent
293,o+r+t+s,stores,FALSE,,,orts,1,,,o,r,,,,,t,,s,,s,t,o,,o,r,t,s,,,,,+,,,,,,Keep,stores
294,o+r+m+p+b+l,problem,FALSE,,,ormpbl,0,,,o,r,m,,p,b,,l,,,p,r,o,,o,r,m,p,b,l,,,+,,,,,,Keep,problem
295,o+e+m+y,memory,FALSE,,,oemy,0,,,o,e,m,,,,,,y,,m,e,m,,o,e,m,y,,,,,+,,,,,,Keep,memory
296,o+e+m+p+a+n,performance,FALSE,,,oempan,0,,,o,e,m,,p,,a,n,,,p,e,r,,o,e,m,p,a,n,,,+,,,,,,Keep,performance
297,o+c+a+l+s,social,FALSE,,,ocals,0,,,o,,c,,,,a,l,s,,s,o,c,,o,c,a,l,s,,,,+,,,,,,Keep,social
298,u+g+a+s,august,FALSE,,,ugas,0,,u,,,,g,,,a,,s,,a,u,g,,u,g,a,s,,,,,+,,,,,,Keep,august
299,u+o+e+q+t,quote,FALSE,,,uoeqt,0,,u,o,e,,,,q,t,,,,q,u,o,,u,o,e,q,t,,,,+,,,,,,Keep,quote
300,u+e+g+a+l,language,FALSE,,,uegal,0,,u,,e,,g,,,a,l,,,l,a,n,,u,e,g,a,l,,,,+,,,,,,Keep,language
301,o+r+t+s,story,FALSE,,,orts,2,,,o,r,,,,,t,,s,,s,t,o,,o,r,t,s,,,,,+,,,,,,Keep,story
302,o+p+t+n+s,options,FALSE,,,optns,0,,,o,,,,p,,t,n,s,,o,p,t,,o,p,t,n,s,,,,+,,,,,,Keep,options
303,i+e+c+p+x+n,experience,FALSE,,,iecpxn,0,,,i,e,c,,p,x,,n,,,e,x,p,,i,e,c,p,x,n,,,+,,,,,,Keep,experience
304,r+a+s,rates,FALSE,,,ras,0,,,,r,,,,,a,,s,,r,a,t,,r,a,s,,,,,,+,,,,,,Keep,rates
305,r+c+a,create,FALSE,,,rca,0,,,,r,c,,,,a,,,,c,r,e,,r,c,a,,,,,,+,,,,,,Keep,create
306,u+o+g+n+y,young,FALSE,,,uogny,0,,u,o,,,g,,,,n,y,,y,o,u,,u,o,g,n,y,,,,+,,,,,,Keep,young
307,i+e+m+a,america,FALSE,,,iema,0,,,i,e,m,,,,a,,,,a,m,e,,i,e,m,a,,,,,+,,,,,,Keep,america
308,i+r+m+p+a+n,important,FALSE,,,irmpan,0,,,i,r,m,,p,,a,n,,,i,m,p,,i,r,m,p,a,n,,,+,,,,,,Keep,important
309,i+e+f+l,field,FALSE,,,iefl,0,,,i,e,,,f,,,l,,,f,i,e,,i,e,f,l,,,,,+,,,,,,Keep,field
310,r+p+a,paper,FALSE,,,rpa,0,,,,r,,,p,,a,,,,p,a,p,,r,p,a,,,,,,+,,,,,,Keep,paper
311,i+e+g+n+s,single,FALSE,,,iegns,0,,,i,e,,g,,,,n,s,,s,i,n,,i,e,g,n,s,,,,+,,,,,,Keep,single
312,i+e+c+a+s,activities,FALSE,,,iecas,0,,,i,e,c,,,,a,,s,,a,c,t,,i,e,c,a,s,,,,+,,,,,,Keep,activities
313,e+m+p+x+a+l,example,FALSE,,,empxal,0,,,,e,m,,p,x,a,l,,,e,x,a,,e,m,p,x,a,l,,,+,,,,,,Keep,example
314,i+r+g+l+s,girls,FALSE,,,irgls,0,,,i,r,,g,,,,l,s,,g,i,r,,i,r,g,l,s,,,,+,,,,,,Keep,girls
315,i+d+a+l,additional,FALSE,,,idal,0,,,i,,,,d,,a,l,,,a,d,d,,i,d,a,l,,,,,+,,,,,,Keep,additional
316,o+r+w+p+a+s,password,FALSE,,,orwpas,0,,,o,r,,w,p,,a,,s,,p,a,s,,o,r,w,p,a,s,,,+,,,,,,Keep,password
317,e+a+l+s,latest,FALSE,,,eals,1,,,,e,,,,,a,l,s,,l,a,t,,e,a,l,s,,,,,+,,,,,,Keep,latest
318,o+e+m+g+h+t+n+s,something,FALSE,,,oemghtns,0,,,o,e,m,g,h,,t,n,s,,s,o,m,,o,e,m,g,h,t,n,s,+,,,,,,Keep,something
319,u+i+e+q+t+n+s,question,FALSE,,,uieqtns,1,,u,i,e,,,,q,t,n,s,,q,u,e,,u,i,e,q,t,n,s,,+,,,,,,Keep,question
320,e+c+g+h+a+n+s,changes,FALSE,,,ecghans,0,,,,e,c,g,h,,a,n,s,,c,h,a,,e,c,g,h,a,n,s,,+,,,,,,Keep,changes
321,i+g+h+t+n,night,FALSE,,,ightn,0,,,i,,,g,h,,t,n,,,n,i,g,,i,g,h,t,n,,,,+,,,,,,Keep,night
322,e+x+t+s,texas,FALSE,,,exts,0,,,,e,,,,x,t,,s,,t,e,x,,e,x,t,s,,,,,+,,,,,,Keep,texas
323,o+r+k+p,poker,FALSE,,,orkp,0,,,o,r,k,,p,,,,,,p,o,k,,o,r,k,p,,,,,+,,,,,,Keep,poker
324,u+t+s,status,FALSE,,,uts,0,,u,,,,,,,t,,s,,s,t,a,,u,t,s,,,,,,+,,,,,,Keep,status
325,o+r+w+b+s,browse,FALSE,,,orwbs,0,,,o,r,,w,,b,,,s,,b,r,o,,o,r,w,b,s,,,,+,,,,,,Keep,browse
326,u+i+e+s,issue,FALSE,,,uies,1,,u,i,e,,,,,,,s,,i,s,s,,u,i,e,s,,,,,+,,,,,,Keep,issue
327,r+g+a+n,range,FALSE,,,rgan,0,,,,r,,g,,,a,n,,,r,a,n,,r,g,a,n,,,,,+,,,,,,Keep,range
328,u+i+g+d+b+l,building,FALSE,,,uigdbl,0,,u,i,,,g,d,b,,l,,,b,u,i,,u,i,g,d,b,l,,,+,,,,,,Keep,building
329,e+l+s,seller,FALSE,,,els,0,,,,e,,,,,,l,s,,s,e,l,,e,l,s,,,,,,+,,,,,,Keep,seller
330,u+o+r+c+t,court,FALSE,,,uorct,0,,u,o,r,c,,,,t,,,,c,o,u,,u,o,r,c,t,,,,+,,,,,,Keep,court
331,u+e+f+b+a+y,february,FALSE,,,uefbay,0,,u,,e,,,f,b,a,,y,,f,e,b,,u,e,f,b,a,y,,,+,,,,,,Keep,february
332,w+a+l+y,always,FALSE,,,waly,0,,,,,,w,,,a,l,y,,a,l,w,,w,a,l,y,,,,,+,,,,,,Keep,always
333,u+r+t+l+s,result,FALSE,,,urtls,1,,u,,r,,,,,t,l,s,,r,e,s,,u,r,t,l,s,,,,+,,,,,,Keep,result
334,u+i+d+a,audio,FALSE,,,uida,0,,u,i,,,,d,,a,,,,a,u,d,,u,i,d,a,,,,,+,,,,,,Keep,audio
335,i+g+h+t+l,light,FALSE,,,ightl,0,,,i,,,g,h,,t,l,,,l,i,g,,i,g,h,t,l,,,,+,,,,,,Keep,light
336,i+r+w+t,write,FALSE,,,irwt,0,,,i,r,,w,,,t,,,,w,r,i,,i,r,w,t,,,,,+,,,,,,Keep,write
337,o+r+f,offer,FALSE,,,orf,0,,,o,r,,,f,,,,,,o,f,f,,o,r,f,,,,,,+,,,,,,Keep,offer
338,u+o+r+g+p+s,groups,FALSE,,,uorgps,0,,u,o,r,,g,p,,,,s,,g,r,o,,u,o,r,g,p,s,,,+,,,,,,Keep,groups
339,i+e+v+g+n,given,FALSE,,,ievgn,0,,,i,e,v,g,,,,n,,,g,i,v,,i,e,v,g,n,,,,+,,,,,,Keep,given
340,i+e+f+l+s,files,FALSE,,,iefls,0,,,i,e,,,f,,,l,s,,f,i,l,,i,e,f,l,s,,,,+,,,,,,Keep,files
341,e+v+t+n,event,FALSE,,,evtn,0,,,,e,v,,,,t,n,,,e,v,e,,e,v,t,n,,,,,+,,,,,,Keep,event
342,r+a+l+s,release,FALSE,,,rals,0,,,,r,,,,,a,l,s,,r,e,l,,r,a,l,s,,,,,+,,,,,,Keep,release
343,i+a+n+y,analysis,FALSE,,,iany,0,,,i,,,,,,a,n,y,,a,n,a,,i,a,n,y,,,,,+,,,,,,Keep,analysis
344,u+r+q+t+s,request,FALSE,,,urqts,0,,u,,r,,,,q,t,,s,,r,e,q,,u,r,q,t,s,,,,+,,,,,,Keep,request
345,i+c+h+a+n,china,FALSE,,,ichan,0,,,i,,c,,h,,a,n,,,c,h,i,,i,c,h,a,n,,,,+,,,,,,Keep,china
346,i+m+g+a+n,making,FALSE,,,imgan,0,,,i,,m,g,,,a,n,,,m,a,k,,i,m,g,a,n,,,,+,,,,,,Keep,making
347,u+i+r+c+p+t,picture,FALSE,,,uircpt,0,,u,i,r,c,,p,,t,,,,p,i,c,,u,i,r,c,p,t,,,+,,,,,,Keep,picture
348,e+d+n+s,needs,FALSE,,,edns,0,,,,e,,,d,,,n,s,,n,e,e,,e,d,n,s,,,,,+,,,,,,Keep,needs
349,o+e+p+b+l+s,possible,FALSE,,,oepbls,0,,,o,e,,,p,b,,l,s,,p,o,s,,o,e,p,b,l,s,,,+,,,,,,Keep,possible
350,i+m+g+h+t,might,FALSE,,,imght,0,,,i,,m,g,h,,t,,,,m,i,g,,i,m,g,h,t,,,,+,,,,,,Keep,might
351,o+r+p+a+l+s,professional,FALSE,,,orpals,0,,,o,r,,,p,,a,l,s,,p,r,o,,o,r,p,a,l,s,,,+,,,,,,Keep,professional
352,o+m+h+t+n,month,FALSE,,,omhtn,0,,,o,,m,,h,,t,n,,,m,o,n,,o,m,h,t,n,,,,+,,,,,,Keep,month
353,o+r+m+a+j,major,FALSE,,,ormaj,0,,,o,r,m,,,,a,j,,,m,a,j,,o,r,m,a,j,,,,+,,,,,,Keep,major
355,u+r+f+t,future,FALSE,,,urft,0,,u,,r,,,f,,t,,,,f,u,t,,u,r,f,t,,,,,+,,,,,,Keep,future
356,e+c+p+a+s,space,FALSE,,,ecpas,0,,,,e,c,,p,,a,,s,,s,p,a,,e,c,p,a,s,,,,+,,,,,,Keep,space
357,o+e+c+t,committee,FALSE,,,oect,0,,,o,e,c,,,,t,,,,c,o,m,,o,e,c,t,,,,,+,,,,,,Keep,committee
358,r+c+d+a+s,cards,FALSE,,,rcdas,0,,,,r,c,,d,,a,,s,,c,a,r,,r,c,d,a,s,,,,+,,,,,,Keep,cards
359,o+r+m+p+b+l+s,problems,FALSE,,,ormpbls,0,,,o,r,m,,p,b,,l,s,,p,r,o,,o,r,m,p,b,l,s,,+,,,,,,Keep,problems
360,o+d+l,london,FALSE,,,odl,0,,,o,,,,d,,,l,,,l,o,n,,o,d,l,,,,,,+,,,,,,Keep,london
361,i+w+h+a+n+s,washington,FALSE,,,iwhans,0,,,i,,,w,h,,a,n,s,,w,a,s,,i,w,h,a,n,s,,,+,,,,,,Keep,washington
362,i+e+m+g+t+n,meeting,FALSE,,,iemgtn,0,,,i,e,m,g,,,t,n,,,m,e,e,,i,e,m,g,t,n,,,+,,,,,,Keep,meeting
363,o+e+c+b,become,FALSE,,,oecb,0,,,o,e,c,,,b,,,,,b,e,c,,o,e,c,b,,,,,+,,,,,,Keep,become
364,i+r+t+n+s,interest,FALSE,,,irtns,0,,,i,r,,,,,t,n,s,,i,n,t,,i,r,t,n,s,,,,+,,,,,,Keep,interest
365,i+c+h+l,child,FALSE,,,ichl,0,,,i,,c,,h,,,l,,,c,h,i,,i,c,h,l,,,,,+,,,,,,Keep,child
366,e+t+n,enter,FALSE,,,etn,0,,,,e,,,,,t,n,,,e,n,t,,e,t,n,,,,,,+,,,,,,Keep,enter
367,i+r+c+f+a+l,california,FALSE,,,ircfal,0,,,i,r,c,,f,,a,l,,,c,a,l,,i,r,c,f,a,l,,,+,,,,,,Keep,california
368,r+h+a+s,share,FALSE,,,rhas,0,,,,r,,,h,,a,,s,,s,h,a,,r,h,a,s,,,,,+,,,,,,Keep,share
369,i+r+m+a+l+s,similar,FALSE,,,irmals,0,,,i,r,m,,,,a,l,s,,s,i,m,,i,r,m,a,l,s,,,+,,,,,,Keep,similar
370,r+g+d+a+n,garden,FALSE,,,rgdan,0,,,,r,,g,d,,a,n,,,g,a,r,,r,g,d,a,n,,,,+,,,,,,Keep,garden
372,i+m+l,million,FALSE,,,iml,0,,,i,,m,,,,,l,,,m,i,l,,i,m,l,,,,,,+,,,,,,Keep,million
373,e+d+a,added,FALSE,,,eda,0,,,,e,,,d,,a,,,,a,d,d,,e,d,a,,,,,,+,,,,,,Keep,added
374,r+c+f+n,reference,FALSE,,,rcfn,0,,,,r,c,,f,,,n,,,r,e,f,,r,c,f,n,,,,,+,,,,,,Keep,reference
375,o+e+c+p+a+n+s,companies,FALSE,,,oecpans,0,,,o,e,c,,p,,a,n,s,,c,o,m,,o,e,c,p,a,n,s,,+,,,,,,Keep,companies
376,i+e+d+t+l+s,listed,FALSE,,,iedtls,0,,,i,e,,,d,,t,l,s,,l,i,s,,i,e,d,t,l,s,,,+,,,,,,Keep,listed
377,i+e+g+a+l,learning,FALSE,,,iegal,0,,,i,e,,g,,,a,l,,,l,e,a,,i,e,g,a,l,,,,+,,,,,,Keep,learning
378,e+g+n+y,energy,FALSE,,,egny,0,,,,e,,g,,,,n,y,,e,n,e,,e,g,n,y,,,,,+,,,,,,Keep,energy
379,i+e+v+d+l+y,delivery,FALSE,,,ievdly,0,,,i,e,v,,d,,,l,y,,d,e,l,,i,e,v,d,l,y,,,+,,,,,,Keep,delivery
380,u+o+r+p+a+l,popular,FALSE,,,uorpal,0,,u,o,r,,,p,,a,l,,,p,o,p,,u,o,r,p,a,l,,,+,,,,,,Keep,popular
382,u+o+r+c+p+t+s,computers,FALSE,,,uorcpts,0,,u,o,r,c,,p,,t,,s,,c,o,m,,u,o,r,c,p,t,s,,+,,,,,,Keep,computers
383,u+o+r+a+j,journal,FALSE,,,uoraj,0,,u,o,r,,,,,a,j,,,j,o,u,,u,o,r,a,j,,,,+,,,,,,Keep,journal
385,o+e+m+w+l,welcome,FALSE,,,oemwl,0,,,o,e,m,w,,,,l,,,w,e,l,,o,e,m,w,l,,,,+,,,,,,Keep,welcome
386,e+c+a+n,central,FALSE,,,ecan,0,,,,e,c,,,,a,n,,,c,e,n,,e,c,a,n,,,,,+,,,,,,Keep,central
387,i+e+m+g+a+s,images,FALSE,,,iemgas,0,,,i,e,m,g,,,a,,s,,i,m,a,,i,e,m,g,a,s,,,+,,,,,,Keep,images
388,i+r+p+t+n+s,president,FALSE,,,irptns,0,,,i,r,,,p,,t,n,s,,p,r,e,,i,r,p,t,n,s,,,+,,,,,,Keep,president
389,o+e+c+t+n,notice,FALSE,,,oectn,2,,,o,e,c,,,,t,n,,,n,o,t,,o,e,c,t,n,,,,+,,,,,,Keep,notice
390,o+r+g+a+l,original,FALSE,,,orgal,0,,,o,r,,g,,,a,l,,,o,r,i,,o,r,g,a,l,,,,+,,,,,,Keep,original
391,i+r+d+a,radio,FALSE,,,irda,0,,,i,r,,,d,,a,,,,r,a,d,,i,r,d,a,,,,,+,,,,,,Keep,radio
392,u+i+t+n,until,FALSE,,,uitn,0,,u,i,,,,,,t,n,,,u,n,t,,u,i,t,n,,,,,+,,,,,,Keep,until
393,o+r+c+l,color,FALSE,,,orcl,0,,,o,r,c,,,,,l,,,c,o,l,,o,r,c,l,,,,,+,,,,,,Keep,color
394,u+o+c+l,council,FALSE,,,uocl,0,,u,o,,c,,,,,l,,,c,o,u,,u,o,c,l,,,,,+,,,,,,Keep,council
395,u+i+e+c+d+n+s,includes,FALSE,,,uiecdns,0,,u,i,e,c,,d,,,n,s,,i,n,c,,u,i,e,c,d,n,s,,+,,,,,,Keep,includes
396,r+k+t,track,FALSE,,,rkt,0,,,,r,k,,,,t,,,,t,r,a,,r,k,t,,,,,,+,,,,,,Keep,track
397,u+i+r+a+l+s,australia,FALSE,,,uirals,0,,u,i,r,,,,,a,l,s,,a,u,s,,u,i,r,a,l,s,,,+,,,,,,Keep,australia
398,u+i+c+d+n+s,discussion,FALSE,,,uicdns,0,,u,i,,c,,d,,,n,s,,d,i,s,,u,i,c,d,n,s,,,+,,,,,,Keep,discussion
399,i+r+c+h+a,archive,FALSE,,,ircha,0,,,i,r,c,,h,,a,,,,a,r,c,,i,r,c,h,a,,,,+,,,,,,Keep,archive
401,i+e+m+t+n,entertainment,FALSE,,,iemtn,0,,,i,e,m,,,,t,n,,,e,n,t,,i,e,m,t,n,,,,+,,,,,,Keep,entertainment
402,r+m+g+a+n,agreement,FALSE,,,rmgan,0,,,,r,m,g,,,a,n,,,a,g,r,,r,m,g,a,n,,,,+,,,,,,Keep,agreement
403,o+r+m+f+a,format,FALSE,,,ormfa,0,,,o,r,m,,f,,a,,,,f,o,r,,o,r,m,f,a,,,,+,,,,,,Keep,format
404,e+a+l+s,least,FALSE,,,eals,2,,,,e,,,,,a,l,s,,l,e,a,,e,a,l,s,,,,,+,,,,,,Keep,least
405,o+e+c+t+s,society,FALSE,,,oects,0,,,o,e,c,,,,t,,s,,s,o,c,,o,e,c,t,s,,,,+,,,,,,Keep,society
406,o+m+h+t+n+s,months,FALSE,,,omhtns,0,,,o,,m,,h,,t,n,s,,m,o,n,,o,m,h,t,n,s,,,+,,,,,,Keep,months
407,e+f+a+s,safety,FALSE,,,efas,0,,,,e,,,f,,a,,s,,s,a,f,,e,f,a,s,,,,,+,,,,,,Keep,safety
408,i+r+f+n+s,friends,FALSE,,,irfns,0,,,i,r,,,f,,,n,s,,f,r,i,,i,r,f,n,s,,,,+,,,,,,Keep,friends
409,r+d+t,trade,FALSE,,,rdt,0,,,,r,,,d,,t,,,,t,r,a,,r,d,t,,,,,,+,,,,,,Keep,trade
410,i+e+d+t+n,edition,FALSE,,,iedtn,0,,,i,e,,,d,,t,n,,,e,d,i,,i,e,d,t,n,,,,+,,,,,,Keep,edition
412,i+r+m+g+a+n,marketing,FALSE,,,irmgan,0,,,i,r,m,g,,,a,n,,,m,a,r,,i,r,m,g,a,n,,,+,,,,,,Keep,marketing
413,u+r+f+t,further,FALSE,,,urft,1,,u,,r,,,f,,t,,,,f,u,r,,u,r,f,t,,,,,+,,,,,,Keep,further
414,u+e+p+a,updated,FALSE,,,uepa,0,,u,,e,,,p,,a,,,,u,p,d,,u,e,p,a,,,,,+,,,,,,Keep,updated
415,i+c+a+n+s,association,FALSE,,,icans,0,,,i,,c,,,,a,n,s,,a,s,s,,i,c,a,n,s,,,,+,,,,,,Keep,association
416,i+v+g+h+a+n,having,FALSE,,,ivghan,0,,,i,,v,g,h,,a,n,,,h,a,v,,i,v,g,h,a,n,,,+,,,,,,Keep,having
417,o+r+v+p+s,provides,FALSE,,,orvps,0,,,o,r,v,,p,,,,s,,p,r,o,,o,r,v,p,s,,,,+,,,,,,Keep,provides
418,i+v+d+a,david,FALSE,,,ivda,0,,,i,,v,,d,,a,,,,d,a,v,,i,v,d,a,,,,,+,,,,,,Keep,david
419,r+d+a+l+y,already,FALSE,,,rdaly,0,,,,r,,,d,,a,l,y,,a,l,r,,r,d,a,l,y,,,,+,,,,,,Keep,already
420,r+g+n,green,FALSE,,,rgn,0,,,,r,,g,,,,n,,,g,r,e,,r,g,n,,,,,,+,,,,,,Keep,green
421,u+i+e+d+t+s,studies,FALSE,,,uiedts,0,,u,i,e,,,d,,t,,s,,s,t,u,,u,i,e,d,t,s,,,+,,,,,,Keep,studies
422,o+e+c+l+s,close,FALSE,,,oecls,0,,,o,e,c,,,,,l,s,,c,l,o,,o,e,c,l,s,,,,+,,,,,,Keep,close
423,o+c+n,common,FALSE,,,ocn,0,,,o,,c,,,,,n,,,c,o,m,,o,c,n,,,,,,+,,,,,,Keep,common
424,i+r+v+d,drive,FALSE,,,irvd,0,,,i,r,v,,d,,,,,,d,r,i,,i,r,v,d,,,,,+,,,,,,Keep,drive
425,i+e+c+p+s,specific,FALSE,,,iecps,0,,,i,e,c,,p,,,,s,,s,p,e,,i,e,c,p,s,,,,+,,,,,,Keep,specific
426,e+v+a+l+s,several,FALSE,,,evals,0,,,,e,v,,,,a,l,s,,s,e,v,,e,v,a,l,s,,,,+,,,,,,Keep,several
427,i+v+g+l,living,FALSE,,,ivgl,0,,,i,,v,g,,,,l,,,l,i,v,,i,v,g,l,,,,,+,,,,,,Keep,living
428,o+e+c+t+l,collection,FALSE,,,oectl,0,,,o,e,c,,,,t,l,,,c,o,l,,o,e,c,t,l,,,,+,,,,,,Keep,collection
429,e+c+d+a+l,called,FALSE,,,ecdal,0,,,,e,c,,d,,a,l,,,c,a,l,,e,c,d,a,l,,,,+,,,,,,Keep,called
430,o+r+h+t+s,short,FALSE,,,orhts,0,,,o,r,,,h,,t,,s,,s,h,o,,o,r,h,t,s,,,,+,,,,,,Keep,short
431,i+d+a+l+s,display,FALSE,,,idals,0,,,i,,,,d,,a,l,s,,d,i,s,,i,d,a,l,s,,,,+,,,,,,Keep,display
432,i+e+m+d+t+l,limited,FALSE,,,iemdtl,0,,,i,e,m,,d,,t,l,,,l,i,m,,i,e,m,d,t,l,,,+,,,,,,Keep,limited
434,u+o+t+l+s,solutions,FALSE,,,uotls,0,,u,o,,,,,,t,l,s,,s,o,l,,u,o,t,l,s,,,,+,,,,,,Keep,solutions
435,e+m+a+n+s,means,FALSE,,,emans,0,,,,e,m,,,,a,n,s,,m,e,a,,e,m,a,n,s,,,,+,,,,,,Keep,means
436,i+r+c+d+t,director,FALSE,,,ircdt,1,,,i,r,c,,d,,t,,,,d,i,r,,i,r,c,d,t,,,,+,,,,,,Keep,director
437,i+d+a+l+y,daily,FALSE,,,idaly,0,,,i,,,,d,,a,l,y,,d,a,i,,i,d,a,l,y,,,,+,,,,,,Keep,daily
438,e+c+h+b+a,beach,FALSE,,,echba,0,,,,e,c,,h,b,a,,,,b,e,a,,e,c,h,b,a,,,,+,,,,,,Keep,beach
439,u+r+a+n,natural,FALSE,,,uran,0,,u,,r,,,,,a,n,,,n,a,t,,u,r,a,n,,,,,+,,,,,,Keep,natural
440,e+w+h+t,whether,FALSE,,,ewht,0,,,,e,,w,h,,t,,,,w,h,e,,e,w,h,t,,,,,+,,,,,,Keep,whether
441,i+e+c+t+l+s,electronics,FALSE,,,iectls,0,,,i,e,c,,,,t,l,s,,e,l,e,,i,e,c,t,l,s,,,+,,,,,,Keep,electronics
442,i+e+p,period,FALSE,,,iep,0,,,i,e,,,p,,,,,,p,e,r,,i,e,p,,,,,,+,,,,,,Keep,period
443,i+g+p+a+l,planning,FALSE,,,igpal,0,,,i,,,g,p,,a,l,,,p,l,a,,i,g,p,a,l,,,,+,,,,,,Keep,planning
444,e+d+b+a+s,database,FALSE,,,edbas,1,,,,e,,,d,b,a,,s,,d,a,t,,e,d,b,a,s,,,,+,,,,,,Keep,database
445,o+c+f+a+l,official,FALSE,,,ocfal,0,,,o,,c,,f,,a,l,,,o,f,f,,o,c,f,a,l,,,,+,,,,,,Keep,official
446,e+w+h+a,weather,FALSE,,,ewha,0,,,,e,,w,h,,a,,,,w,e,a,,e,w,h,a,,,,,+,,,,,,Keep,weather
447,e+v+g+a,average,FALSE,,,evga,0,,,,e,v,g,,,a,,,,a,v,e,,e,v,g,a,,,,,+,,,,,,Keep,average
448,i+e+c+h+t+l,technical,FALSE,,,iechtl,0,,,i,e,c,,h,,t,l,,,t,e,c,,i,e,c,h,t,l,,,+,,,,,,Keep,technical
449,i+w+d+n,window,FALSE,,,iwdn,0,,,i,,,w,d,,,n,,,w,i,n,,i,w,d,n,,,,,+,,,,,,Keep,window
450,r+c+f+a+n,france,FALSE,,,rcfan,0,,,,r,c,,f,,a,n,,,f,r,a,,r,c,f,a,n,,,,+,,,,,,Keep,france
451,i+r+g+n,region,FALSE,,,irgn,0,,,i,r,,g,,,,n,,,r,e,g,,i,r,g,n,,,,,+,,,,,,Keep,region
452,i+d+a+l+s,island,FALSE,,,idals,1,,,i,,,,d,,a,l,s,,i,s,l,,i,d,a,l,s,,,,+,,,,,,Keep,island
453,o+r+c+d,record,FALSE,,,orcd,0,,,o,r,c,,d,,,,,,r,e,c,,o,r,c,d,,,,,+,,,,,,Keep,record
454,i+r+c+d+t,direct,FALSE,,,ircdt,2,,,i,r,c,,d,,t,,,,d,i,r,,i,r,c,d,t,,,,+,,,,,,Keep,direct
455,i+r+m+f+t+s,microsoft,FALSE,,,irmfts,0,,,i,r,m,,f,,t,,s,,m,i,c,,i,r,m,f,t,s,,,+,,,,,,Keep,microsoft
456,o+r+c+f+n,conference,FALSE,,,orcfn,0,,,o,r,c,,f,,,n,,,c,o,n,,o,r,c,f,n,,,,+,,,,,,Keep,conference
457,i+e+v+t+n,environment,FALSE,,,ievtn,0,,,i,e,v,,,,t,n,,,e,n,v,,i,e,v,t,n,,,,+,,,,,,Keep,environment
458,o+r+c+d+s,records,FALSE,,,orcds,0,,,o,r,c,,d,,,,s,,r,e,c,,o,r,c,d,s,,,,+,,,,,,Keep,records
459,i+r+c+d+t+s,district,FALSE,,,ircdts,0,,,i,r,c,,d,,t,,s,,d,i,s,,i,r,c,d,t,s,,,+,,,,,,Keep,district
460,r+c+d+a+l,calendar,FALSE,,,rcdal,0,,,,r,c,,d,,a,l,,,c,a,l,,r,c,d,a,l,,,,+,,,,,,Keep,calendar
461,o+c+t+s,costs,FALSE,,,octs,0,,,o,,c,,,,t,,s,,c,o,s,,o,c,t,s,,,,,+,,,,,,Keep,costs
462,e+t+l+s,style,FALSE,,,etls,0,,,,e,,,,,t,l,s,,s,t,y,,e,t,l,s,,,,,+,,,,,,Keep,style
463,o+r+f+t+n,front,FALSE,,,orftn,0,,,o,r,,,f,,t,n,,,f,r,o,,o,r,f,t,n,,,,+,,,,,,Keep,front
464,e+m+t+n+s,statement,FALSE,,,emtns,0,,,,e,m,,,,t,n,s,,s,t,a,,e,m,t,n,s,,,,+,,,,,,Keep,statement
465,u+e+p+a,update,FALSE,,,uepa,1,,u,,e,,,p,,a,,,,u,p,d,,u,e,p,a,,,,,+,,,,,,Keep,update
466,r+p+a+s,parts,FALSE,,,rpas,0,,,,r,,,p,,a,,s,,p,a,r,,r,p,a,s,,,,,+,,,,,,Keep,parts
467,o+w+d+a+l+s,downloads,FALSE,,,owdals,0,,,o,,,w,d,,a,l,s,,d,o,w,,o,w,d,a,l,s,,,+,,,,,,Keep,downloads
468,e+a+l+y,early,FALSE,,,ealy,0,,,,e,,,,,a,l,y,,e,a,r,,e,a,l,y,,,,,+,,,,,,Keep,early
469,i+e+m+l+s,miles,FALSE,,,iemls,0,,,i,e,m,,,,,l,s,,m,i,l,,i,e,m,l,s,,,,+,,,,,,Keep,miles
470,u+o+d+n+s,sound,FALSE,,,uodns,0,,u,o,,,,d,,,n,s,,s,o,u,,u,o,d,n,s,,,,+,,,,,,Keep,sound
471,u+o+r+c+s,resource,FALSE,,,uorcs,3,,u,o,r,c,,,,,,s,,r,e,s,,u,o,r,c,s,,,,+,,,,,,Keep,resource
472,r+p+t+n+s,present,FALSE,,,rptns,0,,,,r,,,p,,t,n,s,,p,r,e,,r,p,t,n,s,,,,+,,,,,,Keep,present
473,i+c+p+a+l+s,applications,FALSE,,,icpals,0,,,i,,c,,p,,a,l,s,,a,p,p,,i,c,p,a,l,s,,,+,,,,,,Keep,applications
474,i+e+h+t,either,FALSE,,,ieht,1,,,i,e,,,h,,t,,,,e,i,t,,i,e,h,t,,,,,+,,,,,,Keep,either
475,u+o+e+c+d+t+n,document,FALSE,,,uoecdtn,0,,u,o,e,c,,d,,t,n,,,d,o,c,,u,o,e,c,d,t,n,,+,,,,,,Keep,document
476,o+r+k+w+s,works,FALSE,,,orkws,0,,,o,r,k,w,,,,,s,,w,o,r,,o,r,k,w,s,,,,+,,,,,,Keep,works
477,i+r+m+a+l,material,FALSE,,,irmal,0,,,i,r,m,,,,a,l,,,m,a,t,,i,r,m,a,l,,,,+,,,,,,Keep,material
478,i+r+w+t+n,written,FALSE,,,irwtn,0,,,i,r,,w,,,t,n,,,w,r,i,,i,r,w,t,n,,,,+,,,,,,Keep,written
479,e+f+a+l,federal,FALSE,,,efal,0,,,,e,,,f,,a,l,,,f,e,d,,e,f,a,l,,,,,+,,,,,,Keep,federal
480,o+g+h+t+n+s,hosting,FALSE,,,oghtns,0,,,o,,,g,h,,t,n,s,,h,o,s,,o,g,h,t,n,s,,,+,,,,,,Keep,hosting
481,u+r+l+s,rules,FALSE,,,urls,0,,u,,r,,,,,,l,s,,r,u,l,,u,r,l,s,,,,,+,,,,,,Keep,rules
482,i+f+a+n,final,FALSE,,,ifan,0,,,i,,,,f,,a,n,,,f,i,n,,i,f,a,n,,,,,+,,,,,,Keep,final
483,u+d+a+l,adult,FALSE,,,udal,0,,u,,,,,d,,a,l,,,a,d,u,,u,d,a,l,,,,,+,,,,,,Keep,adult
484,i+e+c+t+s,tickets,FALSE,,,iects,0,,,i,e,c,,,,t,,s,,t,i,c,,i,e,c,t,s,,,,+,,,,,,Keep,tickets
485,i+g+h+t+n,thing,FALSE,,,ightn,1,,,i,,,g,h,,t,n,,,t,h,i,,i,g,h,t,n,,,,+,,,,,,Keep,thing
486,e+c+t+n,centre,FALSE,,,ectn,1,,,,e,c,,,,t,n,,,c,e,n,,e,c,t,n,,,,,+,,,,,,Keep,centre
487,u+i+r+m+q+t+n+s,requirements,FALSE,,,uirmqtns,0,,u,i,r,m,,,q,t,n,s,,r,e,q,,u,i,r,m,q,t,n,s,+,,,,,,Keep,requirements
488,e+c+h+a,cheap,FALSE,,,echa,0,,,,e,c,,h,,a,,,,c,h,e,,e,c,h,a,,,,,+,,,,,,Keep,cheap
489,i+e+c+f+a+n,finance,FALSE,,,iecfan,0,,,i,e,c,,f,,a,n,,,f,i,n,,i,e,c,f,a,n,,,+,,,,,,Keep,finance
490,u+i+e+m+t+n+s,minutes,FALSE,,,uiemtns,0,,u,i,e,m,,,,t,n,s,,m,i,n,,u,i,e,m,t,n,s,,+,,,,,,Keep,minutes
491,i+r+h+t,third,FALSE,,,irht,0,,,i,r,,,h,,t,,,,t,h,i,,i,r,h,t,,,,,+,,,,,,Keep,third
492,i+g+f+t+s,gifts,FALSE,,,igfts,0,,,i,,,g,f,,t,,s,,g,i,f,,i,g,f,t,s,,,,+,,,,,,Keep,gifts
493,u+o+e+p,europe,FALSE,,,uoep,0,,u,o,e,,,p,,,,,,e,u,r,,u,o,e,p,,,,,+,,,,,,Keep,europe
494,i+r+g+d+a+n,reading,FALSE,,,irgdan,0,,,i,r,,g,d,,a,n,,,r,e,a,,i,r,g,d,a,n,,,+,,,,,,Keep,reading
495,o+c+p+t+s,topics,FALSE,,,ocpts,0,,,o,,c,,p,,t,,s,,t,o,p,,o,c,p,t,s,,,,+,,,,,,Keep,topics
496,u+i+v+d+a+n,individual,FALSE,,,uivdan,0,,u,i,,v,,d,,a,n,,,i,n,d,,u,i,v,d,a,n,,,+,,,,,,Keep,individual
497,o+r+c,cover,FALSE,,,orc,0,,,o,r,c,,,,,,,,c,o,v,,o,r,c,,,,,,+,,,,,,Keep,cover
498,u+a+l+s,usually,FALSE,,,uals,0,,u,,,,,,,a,l,s,,u,s,u,,u,a,l,s,,,,,+,,,,,,Keep,usually
499,o+r+g+h+t,together,FALSE,,,orght,0,,,o,r,,g,h,,t,,,,t,o,g,,o,r,g,h,t,,,,+,,,,,,Keep,together
500,i+e+v+d+s,videos,FALSE,,,ievds,0,,,i,e,v,,d,,,,s,,v,i,d,,i,e,v,d,s,,,,+,,,,,,Keep,videos
501,e+c+p+t+n,percent,FALSE,,,ecptn,0,,,,e,c,,p,,t,n,,,p,e,r,,e,c,p,t,n,,,,+,,,,,,Keep,percent
502,u+i+c+f+t+n,function,FALSE,,,uicftn,0,,u,i,,c,,f,,t,n,,,f,u,n,,u,i,c,f,t,n,,,+,,,,,,Keep,function
503,i+e+g+t+n,getting,FALSE,,,iegtn,0,,,i,e,,g,,,t,n,,,g,e,t,,i,e,g,t,n,,,,+,,,,,,Keep,getting
504,o+g+b+a+l,global,FALSE,,,ogbal,0,,,o,,,g,,b,a,l,,,g,l,o,,o,g,b,a,l,,,,+,,,,,,Keep,global
505,o+e+c+n,economic,FALSE,,,oecn,0,,,o,e,c,,,,,n,,,e,c,o,,o,e,c,n,,,,,+,,,,,,Keep,economic
506,r+p+a+l+y,player,FALSE,,,rpaly,0,,,,r,,,p,,a,l,y,,p,l,a,,r,p,a,l,y,,,,+,,,,,,Keep,player
507,o+r+c+p+t+j+s,projects,FALSE,,,orcptjs,0,,,o,r,c,,p,,t,j,s,,p,r,o,,o,r,c,p,t,j,s,,+,,,,,,Keep,projects
508,i+r+c+l+y,lyrics,FALSE,,,ircly,0,,,i,r,c,,,,,l,y,,l,y,r,,i,r,c,l,y,,,,+,,,,,,Keep,lyrics
509,o+e+f+t+n,often,FALSE,,,oeftn,0,,,o,e,,,f,,t,n,,,o,f,t,,o,e,f,t,n,,,,+,,,,,,Keep,often
510,u+i+r+c+b+s,subscribe,FALSE,,,uircbs,0,,u,i,r,c,,,b,,,s,,s,u,b,,u,i,r,c,b,s,,,+,,,,,,Keep,subscribe
511,u+i+m+b+t+s,submit,FALSE,,,uimbts,0,,u,i,,m,,,b,t,,s,,s,u,b,,u,i,m,b,t,s,,,+,,,,,,Keep,submit
512,e+m+g+a+n+y,germany,FALSE,,,emgany,0,,,,e,m,g,,,a,n,y,,g,e,r,,e,m,g,a,n,y,,,+,,,,,,Keep,germany
513,u+o+m+a+n,amount,FALSE,,,uoman,0,,u,o,,m,,,,a,n,,,a,m,o,,u,o,m,a,n,,,,+,,,,,,Keep,amount
514,c+w+h+a,watch,FALSE,,,cwha,0,,,,,c,w,h,,a,,,,w,a,t,,c,w,h,a,,,,,+,,,,,,Keep,watch
516,u+o+g+h+t,though,FALSE,,,uoght,0,,u,o,,,g,h,,t,,,,t,h,o,,u,o,g,h,t,,,,+,,,,,,Keep,though
517,k+h+t+n+s,thanks,FALSE,,,khtns,0,,,,,k,,h,,t,n,s,,t,h,a,,k,h,t,n,s,,,,+,,,,,,Keep,thanks
518,i+e+v+g+h+t+n+y,everything,FALSE,,,ievghtny,0,,,i,e,v,g,h,,t,n,y,,e,v,e,,i,e,v,g,h,t,n,y,+,,,,,,Keep,everything
519,e+d+a+l+s,deals,FALSE,,,edals,0,,,,e,,,d,,a,l,s,,d,e,a,,e,d,a,l,s,,,,+,,,,,,Keep,deals
520,u+i+r+v+a+s,various,FALSE,,,uirvas,0,,u,i,r,v,,,,a,,s,,v,a,r,,u,i,r,v,a,s,,,+,,,,,,Keep,various
521,o+r+w+d+s,words,FALSE,,,orwds,0,,,o,r,,w,d,,,,s,,w,o,r,,o,r,w,d,s,,,,+,,,,,,Keep,words
522,u+i+x+l,linux,FALSE,,,uixl,0,,u,i,,,,,x,,l,,,l,i,n,,u,i,x,l,,,,,+,,,,,,Keep,linux
523,u+o+r+c+p+t+n,production,FALSE,,,uorcptn,0,,u,o,r,c,,p,,t,n,,,p,r,o,,u,o,r,c,p,t,n,,+,,,,,,Keep,production
524,o+r+c+a+l,commercial,FALSE,,,orcal,0,,,o,r,c,,,,a,l,,,c,o,m,,o,r,c,a,l,,,,+,,,,,,Keep,commercial
525,e+m+a+j+s,james,FALSE,,,emajs,0,,,,e,m,,,,a,j,s,,j,a,m,,e,m,a,j,s,,,,+,,,,,,Keep,james
526,i+e+w+h+t,weight,FALSE,,,iewht,1,,,i,e,,w,h,,t,,,,w,e,i,,i,e,w,h,t,,,,+,,,,,,Keep,weight
527,e+h+a,heart,FALSE,,,eha,0,,,,e,,,h,,a,,,,h,e,a,,e,h,a,,,,,,+,,,,,,Keep,heart
528,i+r+v+g+d+a+n+s,advertising,FALSE,,,irvgdans,0,,,i,r,v,g,d,,a,n,s,,a,d,v,,i,r,v,g,d,a,n,s,+,,,,,,Keep,advertising
529,i+r+c+d,received,FALSE,,,ircd,0,,,i,r,c,,d,,,,,,r,e,c,,i,r,c,d,,,,,+,,,,,,Keep,received
530,o+e+c+h+s,choose,FALSE,,,oechs,0,,,o,e,c,,h,,,,s,,c,h,o,,o,e,c,h,s,,,,+,,,,,,Keep,choose
531,r+m+t+n,treatment,FALSE,,,rmtn,0,,,,r,m,,,,t,n,,,t,r,e,,r,m,t,n,,,,,+,,,,,,Keep,treatment
532,e+w+t+n+s,newsletter,FALSE,,,ewtns,0,,,,e,,w,,,t,n,s,,n,e,w,,e,w,t,n,s,,,,+,,,,,,Keep,newsletter
533,i+r+c+h+a+s,archives,FALSE,,,irchas,0,,,i,r,c,,h,,a,,s,,a,r,c,,i,r,c,h,a,s,,,+,,,,,,Keep,archives
535,o+e+k+g+d+n,knowledge,FALSE,,,oekgdn,0,,,o,e,k,g,d,,,n,,,k,n,o,,o,e,k,g,d,n,,,+,,,,,,Keep,knowledge
536,i+e+m+g+a+n,magazine,FALSE,,,iemgan,0,,,i,e,m,g,,,a,n,,,m,a,g,,i,e,m,g,a,n,,,+,,,,,,Keep,magazine
537,o+e,error,FALSE,,,oe,0,,,o,e,,,,,,,,,e,r,r,,o,e,,,,,,,+,,,,,,Keep,error
538,r+c+a,camera,FALSE,,,rca,1,,,,r,c,,,,a,,,,c,a,m,,r,c,a,,,,,,+,,,,,,Keep,camera
539,u+r+c+t+l+y,currently,FALSE,,,urctly,0,,u,,r,c,,,,t,l,y,,c,u,r,,u,r,c,t,l,y,,,+,,,,,,Keep,currently
540,u+o+r+c+t+n+s,construction,FALSE,,,uorctns,0,,u,o,r,c,,,,t,n,s,,c,o,n,,u,o,r,c,t,n,s,,+,,,,,,Keep,construction
541,i+r+g+d+t+s,registered,FALSE,,,irgdts,0,,,i,r,,g,d,,t,,s,,r,e,g,,i,r,g,d,t,s,,,+,,,,,,Keep,registered
542,e+c+a+l,clear,FALSE,,,ecal,0,,,,e,c,,,,a,l,,,c,l,e,,e,c,a,l,,,,,+,,,,,,Keep,clear
543,i+r+c,receive,FALSE,,,irc,0,,,i,r,c,,,,,,,,r,e,c,,i,r,c,,,,,,+,,,,,,Keep,receive
544,o+m+d+a+n,domain,FALSE,,,omdan,0,,,o,,m,,d,,a,n,,,d,o,m,,o,m,d,a,n,,,,+,,,,,,Keep,domain
545,o+e+m+d+t+s,methods,FALSE,,,oemdts,0,,,o,e,m,,d,,t,,s,,m,e,t,,o,e,m,d,t,s,,,+,,,,,,Keep,methods
546,r+c+h+a,chapter,FALSE,,,rcha,0,,,,r,c,,h,,a,,,,c,h,a,,r,c,h,a,,,,,+,,,,,,Keep,chapter
547,e+m+a+s,makes,FALSE,,,emas,0,,,,e,m,,,,a,,s,,m,a,k,,e,m,a,s,,,,,+,,,,,,Keep,makes
548,o+r+c+p+t+n,protection,FALSE,,,orcptn,0,,,o,r,c,,p,,t,n,,,p,r,o,,o,r,c,p,t,n,,,+,,,,,,Keep,protection
549,o+e+c+p+l+s,policies,FALSE,,,oecpls,0,,,o,e,c,,p,,,l,s,,p,o,l,,o,e,c,p,l,s,,,+,,,,,,Keep,policies
550,u+e+b+a+y,beauty,FALSE,,,uebay,0,,u,,e,,,,b,a,,y,,b,e,a,,u,e,b,a,y,,,,+,,,,,,Keep,beauty
552,i+d+a+n,india,FALSE,,,idan,0,,,i,,,,d,,a,n,,,i,n,d,,i,d,a,n,,,,,+,,,,,,Keep,india
553,o+p+t+n+s,position,FALSE,,,optns,1,,,o,,,,p,,t,n,s,,p,o,s,,o,p,t,n,s,,,,+,,,,,,Keep,position
554,e+k+t+n,taken,FALSE,,,ektn,0,,,,e,k,,,,t,n,,,t,a,k,,e,k,t,n,,,,,+,,,,,,Keep,taken
555,i+g+t+l+s,listings,FALSE,,,igtls,1,,,i,,,g,,,t,l,s,,l,i,s,,i,g,t,l,s,,,,+,,,,,,Keep,listings
556,o+e+m+d+l+s,models,FALSE,,,oemdls,0,,,o,e,m,,d,,,l,s,,m,o,d,,o,e,m,d,l,s,,,+,,,,,,Keep,models
557,i+e+m+h+a+l,michael,FALSE,,,iemhal,0,,,i,e,m,,h,,a,l,,,m,i,c,,i,e,m,h,a,l,,,+,,,,,,Keep,michael
558,o+k+w+n,known,FALSE,,,okwn,0,,,o,,k,w,,,,n,,,k,n,o,,o,k,w,n,,,,,+,,,,,,Keep,known
559,e+c+a+s,cases,FALSE,,,ecas,1,,,,e,c,,,,a,,s,,c,a,s,,e,c,a,s,,,,,+,,,,,,Keep,cases
560,i+e+g+n,engineering,FALSE,,,iegn,0,,,i,e,,g,,,,n,,,e,n,g,,i,e,g,n,,,,,+,,,,,,Keep,engineering
561,o+r+f+a+l,florida,FALSE,,,orfal,0,,,o,r,,,f,,a,l,,,f,l,o,,o,r,f,a,l,,,,+,,,,,,Keep,florida
562,i+e+m+p+l+s,simple,FALSE,,,iempls,0,,,i,e,m,,p,,,l,s,,s,i,m,,i,e,m,p,l,s,,,+,,,,,,Keep,simple
563,u+i+k+q,quick,FALSE,,,uikq,0,,u,i,,k,,,q,,,,,q,u,i,,u,i,k,q,,,,,+,,,,,,Keep,quick
564,i+r+w+l+s,wireless,FALSE,,,irwls,0,,,i,r,,w,,,,l,s,,w,i,r,,i,r,w,l,s,,,,+,,,,,,Keep,wireless
565,i+e+c+l+s,license,FALSE,,,iecls,0,,,i,e,c,,,,,l,s,,l,i,c,,i,e,c,l,s,,,,+,,,,,,Keep,license
566,i+r+f+a+y,friday,FALSE,,,irfay,0,,,i,r,,,f,,a,,y,,f,r,i,,i,r,f,a,y,,,,+,,,,,,Keep,friday
567,o+e+w+h+l,whole,FALSE,,,oewhl,0,,,o,e,,w,h,,,l,,,w,h,o,,o,e,w,h,l,,,,+,,,,,,Keep,whole
568,u+a+n,annual,FALSE,,,uan,0,,u,,,,,,,a,n,,,a,n,n,,u,a,n,,,,,,+,,,,,,Keep,annual
569,u+i+e+p+b+l+s,published,FALSE,,,uiepbls,0,,u,i,e,,,p,b,,l,s,,p,u,b,,u,i,e,p,b,l,s,,+,,,,,,Keep,published
570,r+a+l,later,FALSE,,,ral,0,,,,r,,,,,a,l,,,l,a,t,,r,a,l,,,,,,+,,,,,,Keep,later
571,i+c+b+a+s,basic,FALSE,,,icbas,0,,,i,,c,,,b,a,,s,,b,a,s,,i,c,b,a,s,,,,+,,,,,,Keep,basic
572,o+w+h+s,shows,FALSE,,,owhs,0,,,o,,,w,h,,,,s,,s,h,o,,o,w,h,s,,,,,+,,,,,,Keep,shows
573,o+r+c+p+a,corporate,FALSE,,,orcpa,1,,,o,r,c,,p,,a,,,,c,o,r,,o,r,c,p,a,,,,+,,,,,,Keep,corporate
574,o+e+g+l,google,FALSE,,,oegl,0,,,o,e,,g,,,,l,,,g,o,o,,o,e,g,l,,,,,+,,,,,,Keep,google
575,u+r+c+h,church,FALSE,,,urch,0,,u,,r,c,,h,,,,,,c,h,u,,u,r,c,h,,,,,+,,,,,,Keep,church
576,o+e+m+d+t,method,FALSE,,,oemdt,0,,,o,e,m,,d,,t,,,,m,e,t,,o,e,m,d,t,,,,+,,,,,,Keep,method
577,u+r+c+p+a+s,purchase,FALSE,,,urcpas,0,,u,,r,c,,p,,a,,s,,p,u,r,,u,r,c,p,a,s,,,+,,,,,,Keep,purchase
579,i+e+c+a,active,FALSE,,,ieca,0,,,i,e,c,,,,a,,,,a,c,t,,i,e,c,a,,,,,+,,,,,,Keep,active
580,o+r+p+n+s,response,FALSE,,,orpns,0,,,o,r,,,p,,,n,s,,r,e,s,,o,r,p,n,s,,,,+,,,,,,Keep,response
581,i+r+c+p+a,practice,FALSE,,,ircpa,0,,,i,r,c,,p,,a,,,,p,r,a,,i,r,c,p,a,,,,+,,,,,,Keep,practice
582,r+w+h+a,hardware,FALSE,,,rwha,0,,,,r,,w,h,,a,,,,h,a,r,,r,w,h,a,,,,,+,,,,,,Keep,hardware
583,u+i+r+g+f,figure,FALSE,,,uirgf,0,,u,i,r,,g,f,,,,,,f,i,g,,u,i,r,g,f,,,,+,,,,,,Keep,figure
585,o+h+a+l+y,holiday,FALSE,,,ohaly,0,,,o,,,,h,,a,l,y,,h,o,l,,o,h,a,l,y,,,,+,,,,,,Keep,holiday
586,u+o+e+g+h+n,enough,FALSE,,,uoeghn,0,,u,o,e,,g,h,,,n,,,e,n,o,,u,o,e,g,h,n,,,+,,,,,,Keep,enough
587,i+e+g+d+n+s,designed,FALSE,,,iegdns,1,,,i,e,,g,d,,,n,s,,d,e,s,,i,e,g,d,n,s,,,+,,,,,,Keep,designed
588,o+g+a+l,along,FALSE,,,ogal,0,,,o,,,g,,,a,l,,,a,l,o,,o,g,a,l,,,,,+,,,,,,Keep,along
589,o+m+g+a+n,among,FALSE,,,omgan,0,,,o,,m,g,,,a,n,,,a,m,o,,o,m,g,a,n,,,,+,,,,,,Keep,among
590,e+d+a,death,FALSE,,,eda,1,,,,e,,,d,,a,,,,d,e,a,,e,d,a,,,,,,+,,,,,,Keep,death
592,e+p+s,speed,FALSE,,,eps,0,,,,e,,,p,,,,s,,s,p,e,,e,p,s,,,,,,+,,,,,,Keep,speed
594,r+d+b+a+n,brand,FALSE,,,rdban,0,,,,r,,,d,b,a,n,,,b,r,a,,r,d,b,a,n,,,,+,,,,,,Keep,brand
595,u+i+c+d+t+n+s,discount,FALSE,,,uicdtns,0,,u,i,,c,,d,,t,n,s,,d,i,s,,u,i,c,d,t,n,s,,+,,,,,,Keep,discount
596,i+r+g+h,higher,FALSE,,,irgh,0,,,i,r,,g,h,,,,,,h,i,g,,i,r,g,h,,,,,+,,,,,,Keep,higher
597,e+c+f+t+s,effects,FALSE,,,ecfts,0,,,,e,c,,f,,t,,s,,e,f,f,,e,c,f,t,s,,,,+,,,,,,Keep,effects
598,r+c+d+a,created,FALSE,,,rcda,0,,,,r,c,,d,,a,,,,c,r,e,,r,c,d,a,,,,,+,,,,,,Keep,created
599,r+m+b,remember,FALSE,,,rmb,0,,,,r,m,,,b,,,,,r,e,m,,r,m,b,,,,,,+,,,,,,Keep,remember
600,r+d+t+n+s,standards,FALSE,,,rdtns,1,,,,r,,,d,,t,n,s,,s,t,a,,r,d,t,n,s,,,,+,,,,,,Keep,standards
601,o+e+w+l+y,yellow,FALSE,,,oewly,0,,,o,e,,w,,,,l,y,,y,e,l,,o,e,w,l,y,,,,+,,,,,,Keep,yellow
602,o+c+p+a+l,political,FALSE,,,ocpal,0,,,o,,c,,p,,a,l,,,p,o,l,,o,c,p,a,l,,,,+,,,,,,Keep,political
603,i+r+c+a+n+s,increase,FALSE,,,ircans,0,,,i,r,c,,,,a,n,s,,i,n,c,,i,r,c,a,n,s,,,+,,,,,,Keep,increase
604,i+r+v+d+a+s,advertise,FALSE,,,irvdas,0,,,i,r,v,,d,,a,,s,,a,d,v,,i,r,v,d,a,s,,,+,,,,,,Keep,advertise
605,i+k+g+d+n,kingdom,FALSE,,,ikgdn,0,,,i,,k,g,d,,,n,,,k,i,n,,i,k,g,d,n,,,,+,,,,,,Keep,kingdom
606,i+e+v+a+n,environmental,FALSE,,,ievan,0,,,i,e,v,,,,a,n,,,e,n,v,,i,e,v,a,n,,,,+,,,,,,Keep,environmental
607,u+o+g+h+t,thought,FALSE,,,uoght,1,,u,o,,,g,h,,t,,,,t,h,o,,u,o,g,h,t,,,,+,,,,,,Keep,thought
608,u+f+t+s,stuff,FALSE,,,ufts,0,,u,,,,,f,,t,,s,,s,t,u,,u,f,t,s,,,,,+,,,,,,Keep,stuff
609,r+c+f+n,french,FALSE,,,rcfn,1,,,,r,c,,f,,,n,,,f,r,e,,r,c,f,n,,,,,+,,,,,,Keep,french
610,o+r+g+t+s,storage,FALSE,,,orgts,0,,,o,r,,g,,,t,,s,,s,t,o,,o,r,g,t,s,,,,+,,,,,,Keep,storage
611,p+a+j,japan,FALSE,,,paj,0,,,,,,,p,,a,j,,,j,a,p,,p,a,j,,,,,,+,,,,,,Keep,japan
612,o+g+d+n,doing,FALSE,,,ogdn,0,,,o,,,g,d,,,n,,,d,o,i,,o,g,d,n,,,,,+,,,,,,Keep,doing
613,o+a+l+s,loans,FALSE,,,oals,0,,,o,,,,,,a,l,s,,l,o,a,,o,a,l,s,,,,,+,,,,,,Keep,loans
614,o+e+h+s,shoes,FALSE,,,oehs,0,,,o,e,,,h,,,,s,,s,h,o,,o,e,h,s,,,,,+,,,,,,Keep,shoes
615,e+t+n+y,entry,FALSE,,,etny,0,,,,e,,,,,t,n,y,,e,n,t,,e,t,n,y,,,,,+,,,,,,Keep,entry
616,u+r+a+n,nature,FALSE,,,uran,1,,u,,r,,,,,a,n,,,n,a,t,,u,r,a,n,,,,,+,,,,,,Keep,nature
617,o+r+d+s,orders,FALSE,,,ords,0,,,o,r,,,d,,,,s,,o,r,d,,o,r,d,s,,,,,+,,,,,,Keep,orders
618,i+v+b+a+l+y,availability,FALSE,,,ivbaly,0,,,i,,v,,,b,a,l,y,,a,v,a,,i,v,b,a,l,y,,,+,,,,,,Keep,availability
619,i+r+c+f+a,africa,FALSE,,,ircfa,0,,,i,r,c,,f,,a,,,,a,f,r,,i,r,c,f,a,,,,+,,,,,,Keep,africa
620,u+r+m+a+s,summary,FALSE,,,urmas,0,,u,,r,m,,,,a,,s,,s,u,m,,u,r,m,a,s,,,,+,,,,,,Keep,summary
621,o+r+g+h+t,growth,FALSE,,,orght,1,,,o,r,,g,h,,t,,,,g,r,o,,o,r,g,h,t,,,,+,,,,,,Keep,growth
622,o+e+t+n+s,notes,FALSE,,,oetns,0,,,o,e,,,,,t,n,s,,n,o,t,,o,e,t,n,s,,,,+,,,,,,Keep,notes
623,e+c+g+a+n+y,agency,FALSE,,,ecgany,0,,,,e,c,g,,,a,n,y,,a,g,e,,e,c,g,a,n,y,,,+,,,,,,Keep,agency
624,o+m+d+a+n+y,monday,FALSE,,,omdany,0,,,o,,m,,d,,a,n,y,,m,o,n,,o,m,d,a,n,y,,,+,,,,,,Keep,monday
625,u+o+e+p+a+n,european,FALSE,,,uoepan,0,,u,o,e,,,p,,a,n,,,e,u,r,,u,o,e,p,a,n,,,+,,,,,,Keep,european
626,i+c+a+y,activity,FALSE,,,icay,0,,,i,,c,,,,a,,y,,a,c,t,,i,c,a,y,,,,,+,,,,,,Keep,activity
627,u+o+g+h+a+l,although,FALSE,,,uoghal,0,,u,o,,,g,h,,a,l,,,a,l,t,,u,o,g,h,a,l,,,+,,,,,,Keep,although
628,e+w+t+n+s,western,FALSE,,,ewtns,1,,,,e,,w,,,t,n,s,,w,e,s,,e,w,t,n,s,,,,+,,,,,,Keep,western
629,i+e+c+n,income,FALSE,,,iecn,0,,,i,e,c,,,,,n,,,i,n,c,,i,e,c,n,,,,,+,,,,,,Keep,income
630,o+r+c+f,force,FALSE,,,orcf,0,,,o,r,c,,f,,,,,,f,o,r,,o,r,c,f,,,,,+,,,,,,Keep,force
631,o+e+m+p+t+l+y,employment,FALSE,,,oemptly,0,,,o,e,m,,p,,t,l,y,,e,m,p,,o,e,m,p,t,l,y,,+,,,,,,Keep,employment
632,o+e+v+a+l,overall,FALSE,,,oeval,0,,,o,e,v,,,,a,l,,,o,v,e,,o,e,v,a,l,,,,+,,,,,,Keep,overall
633,i+r+v,river,FALSE,,,irv,0,,,i,r,v,,,,,,,,r,i,v,,i,r,v,,,,,,+,,,,,,Keep,river
634,o+c+n+s,commission,FALSE,,,ocns,0,,,o,,c,,,,,n,s,,c,o,m,,o,c,n,s,,,,,+,,,,,,Keep,commission
635,e+c+g+p+a,package,FALSE,,,ecgpa,0,,,,e,c,g,p,,a,,,,p,a,c,,e,c,g,p,a,,,,+,,,,,,Keep,package
638,i+e+g+n,engine,FALSE,,,iegn,1,,,i,e,,g,,,,n,,,e,n,g,,i,e,g,n,,,,,+,,,,,,Keep,engine
639,u+m+b+a+l,album,FALSE,,,umbal,0,,u,,,m,,,b,a,l,,,a,l,b,,u,m,b,a,l,,,,+,,,,,,Keep,album
640,i+r+g+a+l,regional,FALSE,,,irgal,0,,,i,r,,g,,,a,l,,,r,e,g,,i,r,g,a,l,,,,+,,,,,,Keep,regional
641,u+i+e+p+l+s,supplies,FALSE,,,uiepls,0,,u,i,e,,,p,,,l,s,,s,u,p,,u,i,e,p,l,s,,,+,,,,,,Keep,supplies
642,r+d+t+s,started,FALSE,,,rdts,0,,,,r,,,d,,t,,s,,s,t,a,,r,d,t,s,,,,,+,,,,,,Keep,started
643,i+r+m+d+a+n+s,administration,FALSE,,,irmdans,0,,,i,r,m,,d,,a,n,s,,a,d,m,,i,r,m,d,a,n,s,,+,,,,,,Keep,administration
644,u+i+e+t+n+s,institute,FALSE,,,uietns,0,,u,i,e,,,,,t,n,s,,i,n,s,,u,i,e,t,n,s,,,+,,,,,,Keep,institute
645,i+e+v+w+s,views,FALSE,,,ievws,0,,,i,e,v,w,,,,,s,,v,i,e,,i,e,v,w,s,,,,+,,,,,,Keep,views
646,p+a+l+s,plans,FALSE,,,pals,0,,,,,,,p,,a,l,s,,p,l,a,,p,a,l,s,,,,,+,,,,,,Keep,plans
647,u+o+e+d+b+l,double,FALSE,,,uoedbl,0,,u,o,e,,,d,b,,l,,,d,o,u,,u,o,e,d,b,l,,,+,,,,,,Keep,double
648,u+i+d+b+l,build,FALSE,,,uidbl,0,,u,i,,,,d,b,,l,,,b,u,i,,u,i,d,b,l,,,,+,,,,,,Keep,build
649,r+c+n+s,screen,FALSE,,,rcns,0,,,,r,c,,,,,n,s,,s,c,r,,r,c,n,s,,,,,+,,,,,,Keep,screen
650,e+c+g+h+x+a+n,exchange,FALSE,,,ecghxan,0,,,,e,c,g,h,x,a,n,,,e,x,c,,e,c,g,h,x,a,n,,+,,,,,,Keep,exchange
651,e+p+t+y,types,FALSE,,,epty,0,,,,e,,,p,,t,,y,,t,y,p,,e,p,t,y,,,,,+,,,,,,Keep,types
653,i+e+l+s,lines,FALSE,,,iels,0,,,i,e,,,,,,l,s,,l,i,n,,i,e,l,s,,,,,+,,,,,,Keep,lines
654,i+e+c+t+l,electronic,FALSE,,,iectl,0,,,i,e,c,,,,t,l,,,e,l,e,,i,e,c,t,l,,,,+,,,,,,Keep,electronic
655,u+o+e+c+t+n,continue,FALSE,,,uoectn,0,,u,o,e,c,,,,t,n,,,c,o,n,,u,o,e,c,t,n,,,+,,,,,,Keep,continue
656,o+r+c+a+s,across,FALSE,,,orcas,0,,,o,r,c,,,,a,,s,,a,c,r,,o,r,c,a,s,,,,+,,,,,,Keep,across
657,i+e+f+b+t+n+s,benefits,FALSE,,,iefbtns,0,,,i,e,,,f,b,t,n,s,,b,e,n,,i,e,f,b,t,n,s,,+,,,,,,Keep,benefits
658,e+d+n,needed,FALSE,,,edn,0,,,,e,,,d,,,n,,,n,e,e,,e,d,n,,,,,,+,,,,,,Keep,needed
659,o+e+a+n+s,season,FALSE,,,oeans,0,,,o,e,,,,,a,n,s,,s,e,a,,o,e,a,n,s,,,,+,,,,,,Keep,season
660,p+a+l+y,apply,FALSE,,,paly,0,,,,,,,p,,a,l,y,,a,p,p,,p,a,l,y,,,,,+,,,,,,Keep,apply
661,o+e+m+n+s,someone,FALSE,,,oemns,0,,,o,e,m,,,,,n,s,,s,o,m,,o,e,m,n,s,,,,+,,,,,,Keep,someone
662,i+g+h+a+n+y,anything,FALSE,,,ighany,0,,,i,,,g,h,,a,n,y,,a,n,y,,i,g,h,a,n,y,,,+,,,,,,Keep,anything
663,i+r+p+t+n,printer,FALSE,,,irptn,1,,,i,r,,,p,,t,n,,,p,r,i,,i,r,p,t,n,,,,+,,,,,,Keep,printer
664,o+c+d+t+n,condition,FALSE,,,ocdtn,0,,,o,,c,,d,,t,n,,,c,o,n,,o,c,d,t,n,,,,+,,,,,,Keep,condition
665,i+e+v+f+t,effective,FALSE,,,ievft,0,,,i,e,v,,f,,t,,,,e,f,f,,i,e,v,f,t,,,,+,,,,,,Keep,effective
666,i+e+v+b+l,believe,FALSE,,,ievbl,0,,,i,e,v,,,b,,l,,,b,e,l,,i,e,v,b,l,,,,+,,,,,,Keep,believe
667,o+r+g+a+n,organization,FALSE,,,organ,0,,,o,r,,g,,,a,n,,,o,r,g,,o,r,g,a,n,,,,+,,,,,,Keep,organization
668,e+c+f+t,effect,FALSE,,,ecft,0,,,,e,c,,f,,t,,,,e,f,f,,e,c,f,t,,,,,+,,,,,,Keep,effect
669,e+k+d+a+s,asked,FALSE,,,ekdas,0,,,,e,k,,d,,a,,s,,a,s,k,,e,k,d,a,s,,,,+,,,,,,Keep,asked
670,u+d+a+n+s,sunday,FALSE,,,udans,0,,u,,,,,d,,a,n,s,,s,u,n,,u,d,a,n,s,,,,+,,,,,,Keep,sunday
671,i+e+c+t+l+s,selection,FALSE,,,iectls,1,,,i,e,c,,,,t,l,s,,s,e,l,,i,e,c,t,l,s,,,+,,,,,,Keep,selection
672,i+c+a+n+s,casino,FALSE,,,icans,1,,,i,,c,,,,a,n,s,,c,a,s,,i,c,a,n,s,,,,+,,,,,,Keep,casino
673,u+o+e+v+l,volume,FALSE,,,uoevl,0,,u,o,e,v,,,,,l,,,v,o,l,,u,o,e,v,l,,,,+,,,,,,Keep,volume
674,o+r+c+s,cross,FALSE,,,orcs,0,,,o,r,c,,,,,,s,,c,r,o,,o,r,c,s,,,,,+,,,,,,Keep,cross
675,o+e+a+n+y,anyone,FALSE,,,oeany,0,,,o,e,,,,,a,n,y,,a,n,y,,o,e,a,n,y,,,,+,,,,,,Keep,anyone
676,o+r+m+g+a,mortgage,FALSE,,,ormga,0,,,o,r,m,g,,,a,,,,m,o,r,,o,r,m,g,a,,,,+,,,,,,Keep,mortgage
677,i+r+v+l+s,silver,FALSE,,,irvls,0,,,i,r,v,,,,,l,s,,s,i,l,,i,r,v,l,s,,,,+,,,,,,Keep,silver
678,o+r+c+p+a+n,corporation,FALSE,,,orcpan,0,,,o,r,c,,p,,a,n,,,c,o,r,,o,r,c,p,a,n,,,+,,,,,,Keep,corporation
679,i+e+d+n+s,inside,FALSE,,,iedns,0,,,i,e,,,d,,,n,s,,i,n,s,,i,e,d,n,s,,,,+,,,,,,Keep,inside
680,u+o+t+l+s,solution,FALSE,,,uotls,1,,u,o,,,,,,t,l,s,,s,o,l,,u,o,t,l,s,,,,+,,,,,,Keep,solution
681,u+r+m+a,mature,FALSE,,,urma,0,,u,,r,m,,,,a,,,,m,a,t,,u,r,m,a,,,,,+,,,,,,Keep,mature
682,r+h+a,rather,FALSE,,,rha,0,,,,r,,,h,,a,,,,r,a,t,,r,h,a,,,,,,+,,,,,,Keep,rather
683,e+k+w+s,weeks,FALSE,,,ekws,0,,,,e,k,w,,,,,s,,w,e,e,,e,k,w,s,,,,,+,,,,,,Keep,weeks
684,i+d+a+n,addition,FALSE,,,idan,1,,,i,,,,d,,a,n,,,a,d,d,,i,d,a,n,,,,,+,,,,,,Keep,addition
685,u+p+l+s,supply,FALSE,,,upls,0,,u,,,,,p,,,l,s,,s,u,p,,u,p,l,s,,,,,+,,,,,,Keep,supply
686,o+g+h+t+n,nothing,FALSE,,,oghtn,0,,,o,,,g,h,,t,n,,,n,o,t,,o,g,h,t,n,,,,+,,,,,,Keep,nothing
687,i+e+c+a+n,certain,FALSE,,,iecan,0,,,i,e,c,,,,a,n,,,c,e,r,,i,e,c,a,n,,,,+,,,,,,Keep,certain
688,u+i+e+v+x+t,executive,FALSE,,,uievxt,0,,u,i,e,v,,,x,t,,,,e,x,e,,u,i,e,v,x,t,,,+,,,,,,Keep,executive
689,u+i+r+g+n,running,FALSE,,,uirgn,0,,u,i,r,,g,,,,n,,,r,u,n,,u,i,r,g,n,,,,+,,,,,,Keep,running
690,o+r+w+l,lower,FALSE,,,orwl,0,,,o,r,,w,,,,l,,,l,o,w,,o,r,w,l,,,,,+,,,,,,Keep,lower
691,e+c+a+n+y,necessary,FALSE,,,ecany,0,,,,e,c,,,,a,n,y,,n,e,c,,e,c,a,n,y,,,,+,,,,,,Keep,necessary
692,u+i+n,union,FALSE,,,uin,0,,u,i,,,,,,,n,,,u,n,i,,u,i,n,,,,,,+,,,,,,Keep,union
693,e+w+j+y,jewelry,FALSE,,,ewjy,0,,,,e,,w,,,,j,y,,j,e,w,,e,w,j,y,,,,,+,,,,,,Keep,jewelry
694,i+r+c+g+d+a+n,according,FALSE,,,ircgdan,0,,,i,r,c,g,d,,a,n,,,a,c,c,,i,r,c,g,d,a,n,,+,,,,,,Keep,according
695,o+c+g+h+t+l,clothing,FALSE,,,ocghtl,0,,,o,,c,g,h,,t,l,,,c,l,o,,o,c,g,h,t,l,,,+,,,,,,Keep,clothing
696,u+i+r+c+p+a+l,particular,FALSE,,,uircpal,0,,u,i,r,c,,p,,a,l,,,p,a,r,,u,i,r,c,p,a,l,,+,,,,,,Keep,particular
697,e+m+a+n+s,names,FALSE,,,emans,1,,,,e,m,,,,a,n,s,,n,a,m,,e,m,a,n,s,,,,+,,,,,,Keep,names
698,o+r+b+t,robert,FALSE,,,orbt,0,,,o,r,,,,b,t,,,,r,o,b,,o,r,b,t,,,,,+,,,,,,Keep,robert
699,o+e+m+g+h+a,homepage,FALSE,,,oemgha,0,,,o,e,m,g,h,,a,,,,h,o,m,,o,e,m,g,h,a,,,+,,,,,,Keep,homepage
700,i+k+l+s,skills,FALSE,,,ikls,1,,,i,,k,,,,,l,s,,s,k,i,,i,k,l,s,,,,,+,,,,,,Keep,skills
701,i+d+a+l+s,islands,FALSE,,,idals,2,,,i,,,,d,,a,l,s,,i,s,l,,i,d,a,l,s,,,,+,,,,,,Keep,islands
702,i+e+v+d+a,advice,FALSE,,,ievda,0,,,i,e,v,,d,,a,,,,a,d,v,,i,e,v,d,a,,,,+,,,,,,Keep,advice
703,r+c+a,career,FALSE,,,rca,2,,,,r,c,,,,a,,,,c,a,r,,r,c,a,,,,,,+,,,,,,Keep,career
704,i+r+m+a+l+y,military,FALSE,,,irmaly,0,,,i,r,m,,,,a,l,y,,m,i,l,,i,r,m,a,l,y,,,+,,,,,,Keep,military
705,r+a+n,rental,FALSE,,,ran,0,,,,r,,,,,a,n,,,r,e,n,,r,a,n,,,,,,+,,,,,,Keep,rental
706,i+e+c+d+n+s,decision,FALSE,,,iecdns,0,,,i,e,c,,d,,,n,s,,d,e,c,,i,e,c,d,n,s,,,+,,,,,,Keep,decision
707,e+v+a+l,leave,FALSE,,,eval,0,,,,e,v,,,,a,l,,,l,e,a,,e,v,a,l,,,,,+,,,,,,Keep,leave
708,i+r+h+b+t+s,british,FALSE,,,irhbts,0,,,i,r,,,h,b,t,,s,,b,r,i,,i,r,h,b,t,s,,,+,,,,,,Keep,british
709,e+t+n+s,teens,FALSE,,,etns,0,,,,e,,,,,t,n,s,,t,e,e,,e,t,n,s,,,,,+,,,,,,Keep,teens
710,o+m+w+a+n,woman,FALSE,,,omwan,0,,,o,,m,w,,,a,n,,,w,o,m,,o,m,w,a,n,,,,+,,,,,,Keep,woman
711,i+e+c+f+a+l+s,facilities,FALSE,,,iecfals,0,,,i,e,c,,f,,a,l,s,,f,a,c,,i,e,c,f,a,l,s,,+,,,,,,Keep,facilities
712,e+l+s,sellers,FALSE,,,els,1,,,,e,,,,,,l,s,,s,e,l,,e,l,s,,,,,,+,,,,,,Keep,sellers
713,i+e+m+d+l,middle,FALSE,,,iemdl,0,,,i,e,m,,d,,,l,,,m,i,d,,i,e,m,d,l,,,,+,,,,,,Keep,middle
714,e+c+b+a+l,cable,FALSE,,,ecbal,0,,,,e,c,,,b,a,l,,,c,a,b,,e,c,b,a,l,,,,+,,,,,,Keep,cable
715,u+o+r+p+t+n+s,opportunities,FALSE,,,uorptns,0,,u,o,r,,,p,,t,n,s,,o,p,p,,u,o,r,p,t,n,s,,+,,,,,,Keep,opportunities
716,i+k+g+t+n,taking,FALSE,,,ikgtn,0,,,i,,k,g,,,t,n,,,t,a,k,,i,k,g,t,n,,,,+,,,,,,Keep,taking
717,u+e+v+a+l+s,values,FALSE,,,uevals,0,,u,,e,v,,,,a,l,s,,v,a,l,,u,e,v,a,l,s,,,+,,,,,,Keep,values
718,i+v+d+n+s,division,FALSE,,,ivdns,0,,,i,,v,,d,,,n,s,,d,i,v,,i,v,d,n,s,,,,+,,,,,,Keep,division
719,o+c+g+n,coming,FALSE,,,ocgn,0,,,o,,c,g,,,,n,,,c,o,m,,o,c,g,n,,,,,+,,,,,,Keep,coming
720,u+e+d+t+y,tuesday,FALSE,,,uedty,0,,u,,e,,,d,,t,,y,,t,u,e,,u,e,d,t,y,,,,+,,,,,,Keep,tuesday
721,o+e+c+b+t+j,object,FALSE,,,oecbtj,0,,,o,e,c,,,b,t,j,,,o,b,j,,o,e,c,b,t,j,,,+,,,,,,Keep,object
722,i+e+b+a+l+s,lesbian,FALSE,,,iebals,0,,,i,e,,,,b,a,l,s,,l,e,s,,i,e,b,a,l,s,,,+,,,,,,Keep,lesbian
723,i+r+p+a,appropriate,FALSE,,,irpa,0,,,i,r,,,p,,a,,,,a,p,p,,i,r,p,a,,,,,+,,,,,,Keep,appropriate
724,i+e+m+h+a+n,machine,FALSE,,,iemhan,0,,,i,e,m,,h,,a,n,,,m,a,c,,i,e,m,h,a,n,,,+,,,,,,Keep,machine
725,e+g+h+t+l,length,FALSE,,,eghtl,0,,,,e,,g,h,,t,l,,,l,e,n,,e,g,h,t,l,,,,+,,,,,,Keep,length
726,u+c+a+l+y,actually,FALSE,,,ucaly,0,,u,,,c,,,,a,l,y,,a,c,t,,u,c,a,l,y,,,,+,,,,,,Keep,actually
727,o+r+c+s,score,FALSE,,,orcs,1,,,o,r,c,,,,,,s,,s,c,o,,o,r,c,s,,,,,+,,,,,,Keep,score
728,i+c+t+s,statistics,FALSE,,,icts,0,,,i,,c,,,,t,,s,,s,t,a,,i,c,t,s,,,,,+,,,,,,Keep,statistics
729,i+e+c+t+l,client,FALSE,,,iectl,1,,,i,e,c,,,,t,l,,,c,l,i,,i,e,c,t,l,,,,+,,,,,,Keep,client
730,u+r+t+n+s,returns,FALSE,,,urtns,0,,u,,r,,,,,t,n,s,,r,e,t,,u,r,t,n,s,,,,+,,,,,,Keep,returns
731,i+c+p+a+l,capital,FALSE,,,icpal,1,,,i,,c,,p,,a,l,,,c,a,p,,i,c,p,a,l,,,,+,,,,,,Keep,capital
732,o+w+f+l,follow,FALSE,,,owfl,0,,,o,,,w,f,,,l,,,f,o,l,,o,w,f,l,,,,,+,,,,,,Keep,follow
733,e+m+p+a+l+s,sample,FALSE,,,empals,0,,,,e,m,,p,,a,l,s,,s,a,m,,e,m,p,a,l,s,,,+,,,,,,Keep,sample
734,i+e+v+t+n+s,investment,FALSE,,,ievtns,0,,,i,e,v,,,,t,n,s,,i,n,v,,i,e,v,t,n,s,,,+,,,,,,Keep,investment
735,o+w+h+n+s,shown,FALSE,,,owhns,0,,,o,,,w,h,,,n,s,,s,h,o,,o,w,h,n,s,,,,+,,,,,,Keep,shown
736,u+r+d+a+s,saturday,FALSE,,,urdas,0,,u,,r,,,d,,a,,s,,s,a,t,,u,r,d,a,s,,,,+,,,,,,Keep,saturday
737,i+r+c+h+a+s,christmas,FALSE,,,irchas,1,,,i,r,c,,h,,a,,s,,c,h,r,,i,r,c,h,a,s,,,+,,,,,,Keep,christmas
738,e+g+d+a+n,england,FALSE,,,egdan,0,,,,e,,g,d,,a,n,,,e,n,g,,e,g,d,a,n,,,,+,,,,,,Keep,england
739,u+r+c+t+l,culture,FALSE,,,urctl,0,,u,,r,c,,,,t,l,,,c,u,l,,u,r,c,t,l,,,,+,,,,,,Keep,culture
740,f+a+l+s,flash,FALSE,,,fals,0,,,,,,,f,,a,l,s,,f,l,a,,f,a,l,s,,,,,+,,,,,,Keep,flash
741,o+e+g,george,FALSE,,,oeg,0,,,o,e,,g,,,,,,,g,e,o,,o,e,g,,,,,,+,,,,,,Keep,george
742,o+e+c+h,choice,FALSE,,,oech,0,,,o,e,c,,h,,,,,,c,h,o,,o,e,c,h,,,,,+,,,,,,Keep,choice
743,i+r+g+t+n+s,starting,FALSE,,,irgtns,0,,,i,r,,g,,,t,n,s,,s,t,a,,i,r,g,t,n,s,,,+,,,,,,Keep,starting
744,i+r+g+a+n+s,registration,FALSE,,,irgans,0,,,i,r,,g,,,a,n,s,,r,e,g,,i,r,g,a,n,s,,,+,,,,,,Keep,registration
745,u+r+h+t+y,thursday,FALSE,,,urhty,0,,u,,r,,,h,,t,,y,,t,h,u,,u,r,h,t,y,,,,+,,,,,,Keep,thursday
746,u+o+r+c+s,courses,FALSE,,,uorcs,4,,u,o,r,c,,,,,,s,,c,o,u,,u,o,r,c,s,,,,+,,,,,,Keep,courses
747,u+o+r+c+n+s,consumer,FALSE,,,uorcns,0,,u,o,r,c,,,,,n,s,,c,o,n,,u,o,r,c,n,s,,,+,,,,,,Keep,consumer
748,i+r+p+a,airport,FALSE,,,irpa,1,,,i,r,,,p,,a,,,,a,i,r,,i,r,p,a,,,,,+,,,,,,Keep,airport
749,o+r+g+f+n,foreign,FALSE,,,orgfn,0,,,o,r,,g,f,,,n,,,f,o,r,,o,r,g,f,n,,,,+,,,,,,Keep,foreign
750,i+r+a+s,artist,FALSE,,,iras,0,,,i,r,,,,,a,,s,,a,r,t,,i,r,a,s,,,,,+,,,,,,Keep,artist
751,u+o+e+d+t+s,outside,FALSE,,,uoedts,0,,u,o,e,,,d,,t,,s,,o,u,t,,u,o,e,d,t,s,,,+,,,,,,Keep,outside
752,u+i+r+f+t+n,furniture,FALSE,,,uirftn,0,,u,i,r,,,f,,t,n,,,f,u,r,,u,i,r,f,t,n,,,+,,,,,,Keep,furniture
753,e+v+l+s,levels,FALSE,,,evls,0,,,,e,v,,,,,l,s,,l,e,v,,e,v,l,s,,,,,+,,,,,,Keep,levels
754,e+c+h+a+l,channel,FALSE,,,echal,0,,,,e,c,,h,,a,l,,,c,h,a,,e,c,h,a,l,,,,+,,,,,,Keep,channel
755,e+t+l,letter,FALSE,,,etl,0,,,,e,,,,,t,l,,,l,e,t,,e,t,l,,,,,,+,,,,,,Keep,letter
756,o+e+p+n+s,phones,FALSE,,,oepns,1,,,o,e,,,p,,,n,s,,p,h,o,,o,e,p,n,s,,,,+,,,,,,Keep,phones
757,i+e+d+a+s,ideas,FALSE,,,iedas,0,,,i,e,,,d,,a,,s,,i,d,e,,i,e,d,a,s,,,,+,,,,,,Keep,ideas
758,e+w+d+a+n+y,wednesday,FALSE,,,ewdany,0,,,,e,,w,d,,a,n,y,,w,e,d,,e,w,d,a,n,y,,,+,,,,,,Keep,wednesday
759,u+r+c+t+s,structure,FALSE,,,urcts,0,,u,,r,c,,,,t,,s,,s,t,r,,u,r,c,t,s,,,,+,,,,,,Keep,structure
760,u+r+m+s,summer,FALSE,,,urms,0,,u,,r,m,,,,,,s,,s,u,m,,u,r,m,s,,,,,+,,,,,,Keep,summer
761,o+w+a+l,allow,FALSE,,,owal,0,,,o,,,w,,,a,l,,,a,l,l,,o,w,a,l,,,,,+,,,,,,Keep,allow
762,e+g+d,degree,FALSE,,,egd,0,,,,e,,g,d,,,,,,d,e,g,,e,g,d,,,,,,+,,,,,,Keep,degree
763,o+r+c+a+n,contract,FALSE,,,orcan,0,,,o,r,c,,,,a,n,,,c,o,n,,o,r,c,a,n,,,,+,,,,,,Keep,contract
764,u+o+b+t+n,button,FALSE,,,uobtn,0,,u,o,,,,,b,t,n,,,b,u,t,,u,o,b,t,n,,,,+,,,,,,Keep,button
765,r+a+l+s,releases,FALSE,,,rals,1,,,,r,,,,,a,l,s,,r,e,l,,r,a,l,s,,,,,+,,,,,,Keep,releases
766,o+e+m+h+s,homes,FALSE,,,oemhs,0,,,o,e,m,,h,,,,s,,h,o,m,,o,e,m,h,s,,,,+,,,,,,Keep,homes
767,u+r+p+s,super,FALSE,,,urps,0,,u,,r,,,p,,,,s,,s,u,p,,u,r,p,s,,,,,+,,,,,,Keep,super
768,r+m+a,matter,FALSE,,,rma,1,,,,r,m,,,,a,,,,m,a,t,,r,m,a,,,,,,+,,,,,,Keep,matter
769,u+o+c+t+s,custom,FALSE,,,uocts,0,,u,o,,c,,,,t,,s,,c,u,s,,u,o,c,t,s,,,,+,,,,,,Keep,custom
770,i+r+v+g+a+n,virginia,FALSE,,,irvgan,0,,,i,r,v,g,,,a,n,,,v,i,r,,i,r,v,g,a,n,,,+,,,,,,Keep,virginia
771,o+m+a+l+s,almost,FALSE,,,omals,0,,,o,,m,,,,a,l,s,,a,l,m,,o,m,a,l,s,,,,+,,,,,,Keep,almost
772,o+e+c+d+a+l,located,FALSE,,,oecdal,0,,,o,e,c,,d,,a,l,,,l,o,c,,o,e,c,d,a,l,,,+,,,,,,Keep,located
773,u+i+e+m+p+t+l,multiple,FALSE,,,uiemptl,0,,u,i,e,m,,p,,t,l,,,m,u,l,,u,i,e,m,p,t,l,,+,,,,,,Keep,multiple
774,i+a+n+s,asian,FALSE,,,ians,0,,,i,,,,,,a,n,s,,a,s,i,,i,a,n,s,,,,,+,,,,,,Keep,asian
775,u+i+r+d+b+t+n+s,distribution,FALSE,,,uirdbtns,0,,u,i,r,,,d,b,t,n,s,,d,i,s,,u,i,r,d,b,t,n,s,+,,,,,,Keep,distribution
776,i+e+d+t,editor,FALSE,,,iedt,0,,,i,e,,,d,,t,,,,e,d,i,,i,e,d,t,,,,,+,,,,,,Keep,editor
777,u+i+r+d+a+n+s,industrial,FALSE,,,uirdans,0,,u,i,r,,,d,,a,n,s,,i,n,d,,u,i,r,d,a,n,s,,+,,,,,,Keep,industrial
778,u+e+c+a+s,cause,FALSE,,,uecas,0,,u,,e,c,,,,a,,s,,c,a,u,,u,e,c,a,s,,,,+,,,,,,Keep,cause
779,o+e+p+t+l,potential,FALSE,,,oeptl,0,,,o,e,,,p,,t,l,,,p,o,t,,o,e,p,t,l,,,,+,,,,,,Keep,potential
780,u+o+c+f+s,focus,FALSE,,,uocfs,0,,u,o,,c,,f,,,,s,,f,o,c,,u,o,c,f,s,,,,+,,,,,,Keep,focus
781,u+e+f+a,featured,FALSE,,,uefa,0,,u,,e,,,f,,a,,,,f,e,a,,u,e,f,a,,,,,+,,,,,,Keep,featured
782,o+r+m+s,rooms,FALSE,,,orms,0,,,o,r,m,,,,,,s,,r,o,o,,o,r,m,s,,,,,+,,,,,,Keep,rooms
783,e+m+f+a+l,female,FALSE,,,emfal,0,,,,e,m,,f,,a,l,,,f,e,m,,e,m,f,a,l,,,,+,,,,,,Keep,female
784,i+r+p+b+l+s,responsible,FALSE,,,irpbls,0,,,i,r,,,p,b,,l,s,,r,e,s,,i,r,p,b,l,s,,,+,,,,,,Keep,responsible
785,u+o+c+a+n+s,communications,FALSE,,,uocans,0,,u,o,,c,,,,a,n,s,,c,o,m,,u,o,c,a,n,s,,,+,,,,,,Keep,communications
786,i+e+c+d+a+s,associated,FALSE,,,iecdas,0,,,i,e,c,,d,,a,,s,,a,s,s,,i,e,c,d,a,s,,,+,,,,,,Keep,associated
787,o+m+h+t+s,thomas,FALSE,,,omhts,0,,,o,,m,,h,,t,,s,,t,h,o,,o,m,h,t,s,,,,+,,,,,,Keep,thomas
788,i+r+m+p+a+y,primary,FALSE,,,irmpay,0,,,i,r,m,,p,,a,,y,,p,r,i,,i,r,m,p,a,y,,,+,,,,,,Keep,primary
789,r+c+a+n,cancer,FALSE,,,rcan,0,,,,r,c,,,,a,n,,,c,a,n,,r,c,a,n,,,,,+,,,,,,Keep,cancer
790,u+r+m+b+n+s,numbers,FALSE,,,urmbns,0,,u,,r,m,,,b,,n,s,,n,u,m,,u,r,m,b,n,s,,,+,,,,,,Keep,numbers
791,o+r+a+n+s,reason,FALSE,,,orans,0,,,o,r,,,,,a,n,s,,r,e,a,,o,r,a,n,s,,,,+,,,,,,Keep,reason
793,i+r+g+p+n+s,spring,FALSE,,,irgpns,0,,,i,r,,g,p,,,n,s,,s,p,r,,i,r,g,p,n,s,,,+,,,,,,Keep,spring
794,u+o+f+a+n,foundation,FALSE,,,uofan,0,,u,o,,,,f,,a,n,,,f,o,u,,u,o,f,a,n,,,,+,,,,,,Keep,foundation
795,r+w+a+n+s,answer,FALSE,,,rwans,0,,,,r,,w,,,a,n,s,,a,n,s,,r,w,a,n,s,,,,+,,,,,,Keep,answer
796,o+e+v,voice,FALSE,,,oev,0,,,o,e,v,,,,,,,,v,o,i,,o,e,v,,,,,,+,,,,,,Keep,voice
797,i+r+f+l+y,friendly,FALSE,,,irfly,0,,,i,r,,,f,,,l,y,,f,r,i,,i,r,f,l,y,,,,+,,,,,,Keep,friendly
798,u+e+c+h+l+s,schedule,FALSE,,,uechls,0,,u,,e,c,,h,,,l,s,,s,c,h,,u,e,c,h,l,s,,,+,,,,,,Keep,schedule
799,u+o+e+c+d+t+n+s,documents,FALSE,,,uoecdtns,0,,u,o,e,c,,d,,t,n,s,,d,o,c,,u,o,e,c,d,t,n,s,+,,,,,,Keep,documents
800,u+o+c+a+n,communication,FALSE,,,uocan,1,,u,o,,c,,,,a,n,,,c,o,m,,u,o,c,a,n,,,,+,,,,,,Keep,communication
801,u+o+r+p+s,purpose,FALSE,,,uorps,0,,u,o,r,,,p,,,,s,,p,u,r,,u,o,r,p,s,,,,+,,,,,,Keep,purpose
802,u+e+f+a,feature,FALSE,,,uefa,1,,u,,e,,,f,,a,,,,f,e,a,,u,e,f,a,,,,,+,,,,,,Keep,feature
803,o+e+c+s,comes,FALSE,,,oecs,0,,,o,e,c,,,,,,s,,c,o,m,,o,e,c,s,,,,,+,,,,,,Keep,comes
804,o+e+c+p+l,police,FALSE,,,oecpl,0,,,o,e,c,,p,,,l,,,p,o,l,,o,e,c,p,l,,,,+,,,,,,Keep,police
805,o+e+v+n+y,everyone,FALSE,,,oevny,0,,,o,e,v,,,,,n,y,,e,v,e,,o,e,v,n,y,,,,+,,,,,,Keep,everyone
806,i+e+d+t+n,independent,FALSE,,,iedtn,1,,,i,e,,,d,,t,n,,,i,n,d,,i,e,d,t,n,,,,+,,,,,,Keep,independent
807,o+r+c+p+a,approach,FALSE,,,orcpa,2,,,o,r,c,,p,,a,,,,a,p,p,,o,r,c,p,a,,,,+,,,,,,Keep,approach
808,r+c+a+s,cameras,FALSE,,,rcas,0,,,,r,c,,,,a,,s,,c,a,m,,r,c,a,s,,,,,+,,,,,,Keep,cameras
809,o+r+w+b+n,brown,FALSE,,,orwbn,0,,,o,r,,w,,b,,n,,,b,r,o,,o,r,w,b,n,,,,+,,,,,,Keep,brown
810,i+c+p+a+l+y,physical,FALSE,,,icpaly,0,,,i,,c,,p,,a,l,y,,p,h,y,,i,c,p,a,l,y,,,+,,,,,,Keep,physical
811,o+e+g+p+a+n,operating,FALSE,,,oegpan,0,,,o,e,,g,p,,a,n,,,o,p,e,,o,e,g,p,a,n,,,+,,,,,,Keep,operating
812,i+e+m+d+n,medicine,FALSE,,,iemdn,0,,,i,e,m,,d,,,n,,,m,e,d,,i,e,m,d,n,,,,+,,,,,,Keep,medicine
814,i+c+g+h+a,chicago,FALSE,,,icgha,0,,,i,,c,g,h,,a,,,,c,h,i,,i,c,g,h,a,,,,+,,,,,,Keep,chicago
815,o+r+m+f+s,forms,FALSE,,,ormfs,0,,,o,r,m,,f,,,,s,,f,o,r,,o,r,m,f,s,,,,+,,,,,,Keep,forms
816,g+a+l+s,glass,FALSE,,,gals,0,,,,,,g,,,a,l,s,,g,l,a,,g,a,l,s,,,,,+,,,,,,Keep,glass
817,h+a+y,happy,FALSE,,,hay,0,,,,,,,h,,a,,y,,h,a,p,,h,a,y,,,,,,+,,,,,,Keep,happy
818,i+m+h+t+s,smith,FALSE,,,imhts,0,,,i,,m,,h,,t,,s,,s,m,i,,i,m,h,t,s,,,,+,,,,,,Keep,smith
819,e+w+d+a+n,wanted,FALSE,,,ewdan,0,,,,e,,w,d,,a,n,,,w,a,n,,e,w,d,a,n,,,,+,,,,,,Keep,wanted
820,o+e+v+d+l,developed,FALSE,,,oevdl,0,,,o,e,v,,d,,,l,,,d,e,v,,o,e,v,d,l,,,,+,,,,,,Keep,developed
822,k+h+t+n,thank,FALSE,,,khtn,0,,,,,k,,h,,t,n,,,t,h,a,,k,h,t,n,,,,,+,,,,,,Keep,thank
823,u+i+e+q+n,unique,FALSE,,,uieqn,0,,u,i,e,,,,q,,n,,,u,n,i,,u,i,e,q,n,,,,+,,,,,,Keep,unique
825,u+r+v+s,survey,FALSE,,,urvs,0,,u,,r,v,,,,,,s,,s,u,r,,u,r,v,s,,,,,+,,,,,,Keep,survey
826,i+r+p,prior,FALSE,,,irp,0,,,i,r,,,p,,,,,,p,r,i,,i,r,p,,,,,,+,,,,,,Keep,prior
827,o+e+p+t+l,telephone,FALSE,,,oeptl,1,,,o,e,,,p,,t,l,,,t,e,l,,o,e,p,t,l,,,,+,,,,,,Keep,telephone
828,o+r+p+t+s,sport,FALSE,,,orpts,1,,,o,r,,,p,,t,,s,,s,p,o,,o,r,p,t,s,,,,+,,,,,,Keep,sport
829,r+d+a+y,ready,FALSE,,,rday,0,,,,r,,,d,,a,,y,,r,e,a,,r,d,a,y,,,,,+,,,,,,Keep,ready
830,i+m+a+n,animal,FALSE,,,iman,0,,,i,,m,,,,a,n,,,a,n,i,,i,m,a,n,,,,,+,,,,,,Keep,animal
832,i+e+m+x,mexico,FALSE,,,iemx,0,,,i,e,m,,,x,,,,,m,e,x,,i,e,m,x,,,,,+,,,,,,Keep,mexico
833,u+o+p+a+l,population,FALSE,,,uopal,0,,u,o,,,,p,,a,l,,,p,o,p,,u,o,p,a,l,,,,+,,,,,,Keep,population
834,u+r+g+a+l,regular,FALSE,,,urgal,0,,u,,r,,g,,,a,l,,,r,e,g,,u,r,g,a,l,,,,+,,,,,,Keep,regular
835,u+e+c+s,secure,FALSE,,,uecs,0,,u,,e,c,,,,,,s,,s,e,c,,u,e,c,s,,,,,+,,,,,,Keep,secure
836,i+v+g+a+n,navigation,FALSE,,,ivgan,0,,,i,,v,g,,,a,n,,,n,a,v,,i,v,g,a,n,,,,+,,,,,,Keep,navigation
837,o+e+p+a+n+s,operations,FALSE,,,oepans,0,,,o,e,,,p,,a,n,s,,o,p,e,,o,e,p,a,n,s,,,+,,,,,,Keep,operations
838,o+e+h+t,therefore,FALSE,,,oeht,0,,,o,e,,,h,,t,,,,t,h,e,,o,e,h,t,,,,,+,,,,,,Keep,therefore
839,i+m+p+l+s,simply,FALSE,,,impls,0,,,i,,m,,p,,,l,s,,s,i,m,,i,m,p,l,s,,,,+,,,,,,Keep,simply
840,i+e+v+d+n,evidence,FALSE,,,ievdn,0,,,i,e,v,,d,,,n,,,e,v,i,,i,e,v,d,n,,,,+,,,,,,Keep,evidence
840,i+t+n+s,station,FALSE,,,itns,0,,,i,,,,,,t,n,s,,s,t,a,,i,t,n,s,,,,,+,,,,,,Keep,station
841,i+r+c+h+a+n+s,christian,FALSE,,,irchans,0,,,i,r,c,,h,,a,n,s,,c,h,r,,i,r,c,h,a,n,s,,+,,,,,,Keep,christian
842,u+o+r+d+n,round,FALSE,,,uordn,0,,u,o,r,,,d,,,n,,,r,o,u,,u,o,r,d,n,,,,+,,,,,,Keep,round
843,p+a+l+y,paypal,FALSE,,,paly,1,,,,,,,p,,a,l,y,,p,a,y,,p,a,l,y,,,,,+,,,,,,Keep,paypal
844,i+r+v+f+a,favorite,FALSE,,,irvfa,0,,,i,r,v,,f,,a,,,,f,a,v,,i,r,v,f,a,,,,+,,,,,,Keep,favorite
845,u+r+d+a+n+s,understand,FALSE,,,urdans,0,,u,,r,,,d,,a,n,s,,u,n,d,,u,r,d,a,n,s,,,+,,,,,,Keep,understand
846,o+p+t+n,option,FALSE,,,optn,1,,,o,,,,p,,t,n,,,o,p,t,,o,p,t,n,,,,,+,,,,,,Keep,option
847,r+m+a+s,master,FALSE,,,rmas,0,,,,r,m,,,,a,,s,,m,a,s,,r,m,a,s,,,,,+,,,,,,Keep,master
848,e+v+a+l+y,valley,FALSE,,,evaly,0,,,,e,v,,,,a,l,y,,v,a,l,,e,v,a,l,y,,,,+,,,,,,Keep,valley
850,r+c+t+l+y,recently,FALSE,,,rctly,0,,,,r,c,,,,t,l,y,,r,e,c,,r,c,t,l,y,,,,+,,,,,,Keep,recently
851,o+r+p+b+a+l+y,probably,FALSE,,,orpbaly,0,,,o,r,,,p,b,a,l,y,,p,r,o,,o,r,p,b,a,l,y,,+,,,,,,Keep,probably
852,r+a+n+s,rentals,FALSE,,,rans,0,,,,r,,,,,a,n,s,,r,e,n,,r,a,n,s,,,,,+,,,,,,Keep,rentals
853,u+i+b+t+l,built,FALSE,,,uibtl,0,,u,i,,,,,b,t,l,,,b,u,i,,u,i,b,t,l,,,,+,,,,,,Keep,built
854,u+i+c+p+b+a+l+s,publications,FALSE,,,uicpbals,0,,u,i,,c,,p,b,a,l,s,,p,u,b,,u,i,c,p,b,a,l,s,+,,,,,,Keep,publications
855,o+d+b+l,blood,FALSE,,,odbl,0,,,o,,,,d,b,,l,,,b,l,o,,o,d,b,l,,,,,+,,,,,,Keep,blood
856,o+r+w+d+l,worldwide,FALSE,,,orwdl,1,,,o,r,,w,d,,,l,,,w,o,r,,o,r,w,d,l,,,,+,,,,,,Keep,worldwide
857,i+r+m+p,improve,FALSE,,,irmp,0,,,i,r,m,,p,,,,,,i,m,p,,i,r,m,p,,,,,+,,,,,,Keep,improve
858,o+e+c+t+n,connection,FALSE,,,oectn,3,,,o,e,c,,,,t,n,,,c,o,n,,o,e,c,t,n,,,,+,,,,,,Keep,connection
859,u+i+r+p+b+l+s,publisher,FALSE,,,uirpbls,0,,u,i,r,,,p,b,,l,s,,p,u,b,,u,i,r,p,b,l,s,,+,,,,,,Keep,publisher
860,r+g+a+l,larger,FALSE,,,rgal,1,,,,r,,g,,,a,l,,,l,a,r,,r,g,a,l,,,,,+,,,,,,Keep,larger
862,e+h+a,earth,FALSE,,,eha,1,,,,e,,,h,,a,,,,e,a,r,,e,h,a,,,,,,+,,,,,,Keep,earth
863,r+p+a+n+s,parents,FALSE,,,rpans,0,,,,r,,,p,,a,n,s,,p,a,r,,r,p,a,n,s,,,,+,,,,,,Keep,parents
864,o+k+a+n,nokia,FALSE,,,okan,0,,,o,,k,,,,a,n,,,n,o,k,,o,k,a,n,,,,,+,,,,,,Keep,nokia
865,i+m+p+a,impact,FALSE,,,impa,0,,,i,,m,,p,,a,,,,i,m,p,,i,m,p,a,,,,,+,,,,,,Keep,impact
866,r+f+t+n+s,transfer,FALSE,,,rftns,0,,,,r,,,f,,t,n,s,,t,r,a,,r,f,t,n,s,,,,+,,,,,,Keep,transfer
867,u+i+r+c+d+t+n,introduction,FALSE,,,uircdtn,0,,u,i,r,c,,d,,t,n,,,i,n,t,,u,i,r,c,d,t,n,,+,,,,,,Keep,introduction
868,i+e+k+h+t+n,kitchen,FALSE,,,iekhtn,0,,,i,e,k,,h,,t,n,,,k,i,t,,i,e,k,h,t,n,,,+,,,,,,Keep,kitchen
869,o+r+g+t+n+s,strong,FALSE,,,orgtns,0,,,o,r,,g,,,t,n,s,,s,t,r,,o,r,g,t,n,s,,,+,,,,,,Keep,strong
870,i+r+c+a+l,carolina,FALSE,,,ircal,1,,,i,r,c,,,,a,l,,,c,a,r,,i,r,c,a,l,,,,+,,,,,,Keep,carolina
871,i+e+w+d+n,wedding,FALSE,,,iewdn,0,,,i,e,,w,d,,,n,,,w,e,d,,i,e,w,d,n,,,,+,,,,,,Keep,wedding
873,o+h+a+l+s,hospital,FALSE,,,ohals,0,,,o,,,,h,,a,l,s,,h,o,s,,o,h,a,l,s,,,,+,,,,,,Keep,hospital
874,u+o+r+g+d+n,ground,FALSE,,,uorgdn,0,,u,o,r,,g,d,,,n,,,g,r,o,,u,o,r,g,d,n,,,+,,,,,,Keep,ground
875,o+e+v+w,overview,FALSE,,,oevw,0,,,o,e,v,w,,,,,,,o,v,e,,o,e,v,w,,,,,+,,,,,,Keep,overview
876,i+c+d+a+n,accommodation,FALSE,,,icdan,0,,,i,,c,,d,,a,n,,,a,c,c,,i,c,d,a,n,,,,+,,,,,,Keep,accommodation
877,o+r+w+n+s,owners,FALSE,,,orwns,0,,,o,r,,w,,,,n,s,,o,w,n,,o,r,w,n,s,,,,+,,,,,,Keep,owners
878,i+e+d+a+s,disease,FALSE,,,iedas,1,,,i,e,,,d,,a,,s,,d,i,s,,i,e,d,a,s,,,,+,,,,,,Keep,disease
879,e+c+x+t+l,excellent,FALSE,,,ecxtl,0,,,,e,c,,,x,t,l,,,e,x,c,,e,c,x,t,l,,,,+,,,,,,Keep,excellent
880,i+t+l+y,italy,FALSE,,,itly,0,,,i,,,,,,t,l,y,,i,t,a,,i,t,l,y,,,,,+,,,,,,Keep,italy
881,e+c+p+t,perfect,FALSE,,,ecpt,0,,,,e,c,,p,,t,,,,p,e,r,,e,c,p,t,,,,,+,,,,,,Keep,perfect
882,u+o+r+p+t+n+y,opportunity,FALSE,,,uorptny,0,,u,o,r,,,p,,t,n,y,,o,p,p,,u,o,r,p,t,n,y,,+,,,,,,Keep,opportunity
883,i+c+a+l+s,classic,FALSE,,,icals,0,,,i,,c,,,,a,l,s,,c,l,a,,i,c,a,l,s,,,,+,,,,,,Keep,classic
884,i+b+a+s,basis,FALSE,,,ibas,0,,,i,,,,,b,a,,s,,b,a,s,,i,b,a,s,,,,,+,,,,,,Keep,basis
885,o+c+d+a+n,command,FALSE,,,ocdan,0,,,o,,c,,d,,a,n,,,c,o,m,,o,c,d,a,n,,,,+,,,,,,Keep,command
886,i+e+c+t+s,cities,FALSE,,,iects,1,,,i,e,c,,,,t,,s,,c,i,t,,i,e,c,t,s,,,,+,,,,,,Keep,cities
887,i+m+w+a+l,william,FALSE,,,imwal,0,,,i,,m,w,,,a,l,,,w,i,l,,i,m,w,a,l,,,,+,,,,,,Keep,william
888,e+p+x+s,express,FALSE,,,epxs,0,,,,e,,,p,x,,,s,,e,x,p,,e,p,x,s,,,,,+,,,,,,Keep,express
889,r+w+d+a,award,FALSE,,,rwda,0,,,,r,,w,d,,a,,,,a,w,a,,r,w,d,a,,,,,+,,,,,,Keep,award
890,i+e+c+d+a+n+s,distance,FALSE,,,iecdans,0,,,i,e,c,,d,,a,n,s,,d,i,s,,i,e,c,d,a,n,s,,+,,,,,,Keep,distance
891,e+p+t,peter,FALSE,,,ept,0,,,,e,,,p,,t,,,,p,e,t,,e,p,t,,,,,,+,,,,,,Keep,peter
892,e+m+a+n+s,assessment,FALSE,,,emans,2,,,,e,m,,,,a,n,s,,a,s,s,,e,m,a,n,s,,,,+,,,,,,Keep,assessment
893,u+e+n+s,ensure,FALSE,,,uens,0,,u,,e,,,,,,n,s,,e,n,s,,u,e,n,s,,,,,+,,,,,,Keep,ensure
895,e+x+t,extra,FALSE,,,ext,0,,,,e,,,,x,t,,,,e,x,t,,e,x,t,,,,,,+,,,,,,Keep,extra
896,i+e+c+p+a+l+s,especially,FALSE,,,iecpals,1,,,i,e,c,,p,,a,l,s,,e,s,p,,i,e,c,p,a,l,s,,+,,,,,,Keep,especially
897,i+r+c+f+t+n,interface,FALSE,,,ircftn,0,,,i,r,c,,f,,t,n,,,i,n,t,,i,r,c,f,t,n,,,+,,,,,,Keep,interface
898,r+p+a+n+s,partners,FALSE,,,rpans,1,,,,r,,,p,,a,n,s,,p,a,r,,r,p,a,n,s,,,,+,,,,,,Keep,partners
899,u+e+g+d+b+t,budget,FALSE,,,uegdbt,0,,u,,e,,g,d,b,t,,,,b,u,d,,u,e,g,d,b,t,,,+,,,,,,Keep,budget
900,r+d+a,rated,FALSE,,,rda,0,,,,r,,,d,,a,,,,r,a,t,,r,d,a,,,,,,+,,,,,,Keep,rated
901,u+i+e+g+d+s,guides,FALSE,,,uiegds,0,,u,i,e,,g,d,,,,s,,g,u,i,,u,i,e,g,d,s,,,+,,,,,,Keep,guides
902,u+e+c+s,success,FALSE,,,uecs,1,,u,,e,c,,,,,,s,,s,u,c,,u,e,c,s,,,,,+,,,,,,Keep,success
903,u+i+m+x+a,maximum,FALSE,,,uimxa,0,,u,i,,m,,,x,a,,,,m,a,x,,u,i,m,x,a,,,,+,,,,,,Keep,maximum
904,o+e+p+a+n,operation,FALSE,,,oepan,0,,,o,e,,,p,,a,n,,,o,p,e,,o,e,p,a,n,,,,+,,,,,,Keep,operation
905,i+e+g+x+t+n+s,existing,FALSE,,,iegxtns,0,,,i,e,,g,,x,t,n,s,,e,x,i,,i,e,g,x,t,n,s,,+,,,,,,Keep,existing
906,u+i+e+q+t,quite,FALSE,,,uieqt,0,,u,i,e,,,,q,t,,,,q,u,i,,u,i,e,q,t,,,,+,,,,,,Keep,quite
907,e+c+d+t+l+s,selected,FALSE,,,ecdtls,0,,,,e,c,,d,,t,l,s,,s,e,l,,e,c,d,t,l,s,,,+,,,,,,Keep,selected
908,o+m+z+a+n,amazon,FALSE,,,omzan,0,,,o,,m,z,,,a,n,,,a,m,a,,o,m,z,a,n,,,,+,,,,,,Keep,amazon
909,i+e+p+a+n+s,patients,FALSE,,,iepans,0,,,i,e,,,p,,a,n,s,,p,a,t,,i,e,p,a,n,s,,,+,,,,,,Keep,patients
910,u+r+a+n+s,restaurants,FALSE,,,urans,0,,u,,r,,,,,a,n,s,,r,e,s,,u,r,a,n,s,,,,+,,,,,,Keep,restaurants
911,u+i+e+f+b+a+l,beautiful,FALSE,,,uiefbal,0,,u,i,e,,,f,b,a,l,,,b,e,a,,u,i,e,f,b,a,l,,+,,,,,,Keep,beautiful
912,i+r+w+a+n,warning,FALSE,,,irwan,0,,,i,r,,w,,,a,n,,,w,a,r,,i,r,w,a,n,,,,+,,,,,,Keep,warning
913,o+c+a+l+s,locations,FALSE,,,ocals,1,,,o,,c,,,,a,l,s,,l,o,c,,o,c,a,l,s,,,,+,,,,,,Keep,locations
914,o+r+h+s,horse,FALSE,,,orhs,0,,,o,r,,,h,,,,s,,h,o,r,,o,r,h,s,,,,,+,,,,,,Keep,horse
915,o+r+w+f+a,forward,FALSE,,,orwfa,0,,,o,r,,w,f,,a,,,,f,o,r,,o,r,w,f,a,,,,+,,,,,,Keep,forward
916,o+r+w+f+l+s,flowers,FALSE,,,orwfls,0,,,o,r,,w,f,,,l,s,,f,l,o,,o,r,w,f,l,s,,,+,,,,,,Keep,flowers
918,i+c+g+f+a+n+s,significant,FALSE,,,icgfans,0,,,i,,c,g,f,,a,n,s,,s,i,g,,i,c,g,f,a,n,s,,+,,,,,,Keep,significant
920,i+e+c+g+h+t+l+s,technologies,FALSE,,,iecghtls,0,,,i,e,c,g,h,,t,l,s,,t,e,c,,i,e,c,g,h,t,l,s,+,,,,,,Keep,technologies
921,o+r+w+n,owner,FALSE,,,orwn,0,,,o,r,,w,,,,n,,,o,w,n,,o,r,w,n,,,,,+,,,,,,Keep,owner
921,i+r+t+l,retail,FALSE,,,irtl,0,,,i,r,,,,,t,l,,,r,e,t,,i,r,t,l,,,,,+,,,,,,Keep,retail
922,i+m+a+n+s,animals,FALSE,,,imans,0,,,i,,m,,,,a,n,s,,a,n,i,,i,m,a,n,s,,,,+,,,,,,Keep,animals
923,u+e+f+l+s,useful,FALSE,,,uefls,0,,u,,e,,,f,,,l,s,,u,s,e,,u,e,f,l,s,,,,+,,,,,,Keep,useful
924,i+r+c+d+t+l+y,directly,FALSE,,,ircdtly,0,,,i,r,c,,d,,t,l,y,,d,i,r,,i,r,c,d,t,l,y,,+,,,,,,Keep,directly
925,u+r+m+f+a+n,manufacturer,FALSE,,,urmfan,0,,u,,r,m,,f,,a,n,,,m,a,n,,u,r,m,f,a,n,,,+,,,,,,Keep,manufacturer
926,o+r+v+g+p+n,providing,FALSE,,,orvgpn,0,,,o,r,v,g,p,,,n,,,p,r,o,,o,r,v,g,p,n,,,+,,,,,,Keep,providing
927,u+o+g+h+n+s,housing,FALSE,,,uoghns,0,,u,o,,,g,h,,,n,s,,h,o,u,,u,o,g,h,n,s,,,+,,,,,,Keep,housing
928,e+k+t+s,takes,FALSE,,,ekts,0,,,,e,k,,,,t,,s,,t,a,k,,e,k,t,s,,,,,+,,,,,,Keep,takes
929,i+r+g+b+n,bring,FALSE,,,irgbn,0,,,i,r,,g,,b,,n,,,b,r,i,,i,r,g,b,n,,,,+,,,,,,Keep,bring
930,o+c+g+a+l,catalog,FALSE,,,ocgal,0,,,o,,c,g,,,a,l,,,c,a,t,,o,c,g,a,l,,,,+,,,,,,Keep,catalog
931,e+c+h+a+s,searches,FALSE,,,echas,1,,,,e,c,,h,,a,,s,,s,e,a,,e,c,h,a,s,,,,+,,,,,,Keep,searches
932,i+r+g+t+n+y,trying,FALSE,,,irgtny,0,,,i,r,,g,,,t,n,y,,t,r,y,,i,r,g,t,n,y,,,+,,,,,,Keep,trying
933,o+r+m+h+t,mother,FALSE,,,ormht,0,,,o,r,m,,h,,t,,,,m,o,t,,o,r,m,h,t,,,,+,,,,,,Keep,mother
934,u+i+r+h+a+y,authority,FALSE,,,uirhay,0,,u,i,r,,,h,,a,,y,,a,u,t,,u,i,r,h,a,y,,,+,,,,,,Keep,authority
935,o+r+c+d+n+s,considered,FALSE,,,orcdns,0,,,o,r,c,,d,,,n,s,,c,o,n,,o,r,c,d,n,s,,,+,,,,,,Keep,considered
936,i+r+c+f+t,traffic,FALSE,,,ircft,0,,,i,r,c,,f,,t,,,,t,r,a,,i,r,c,f,t,,,,+,,,,,,Keep,traffic
937,o+r+m+g+p+a,programme,FALSE,,,ormgpa,1,,,o,r,m,g,p,,a,,,,p,r,o,,o,r,m,g,p,a,,,+,,,,,,Keep,programme
938,o+e+d+j,joined,FALSE,,,oedj,0,,,o,e,,,d,,,j,,,j,o,i,,o,e,d,j,,,,,+,,,,,,Keep,joined
939,u+i+p+t+n,input,FALSE,,,uiptn,0,,u,i,,,,p,,t,n,,,i,n,p,,u,i,p,t,n,,,,+,,,,,,Keep,input
940,r+g+t+s,strategy,FALSE,,,rgts,0,,,,r,,g,,,t,,s,,s,t,r,,r,g,t,s,,,,,+,,,,,,Keep,strategy
941,e+g+a+n,agent,FALSE,,,egan,1,,,,e,,g,,,a,n,,,a,g,e,,e,g,a,n,,,,,+,,,,,,Keep,agent
942,i+v+d+a+l,valid,FALSE,,,ivdal,0,,,i,,v,,d,,a,l,,,v,a,l,,i,v,d,a,l,,,,+,,,,,,Keep,valid
943,o+r+m+d+n,modern,FALSE,,,ormdn,0,,,o,r,m,,d,,,n,,,m,o,d,,o,r,m,d,n,,,,+,,,,,,Keep,modern
944,i+e+n+s,senior,FALSE,,,iens,0,,,i,e,,,,,,n,s,,s,e,n,,i,e,n,s,,,,,+,,,,,,Keep,senior
945,i+r+d+a+l,ireland,FALSE,,,irdal,0,,,i,r,,,d,,a,l,,,i,r,e,,i,r,d,a,l,,,,+,,,,,,Keep,ireland
946,i+e+c+g+h+t+n,teaching,FALSE,,,iecghtn,0,,,i,e,c,g,h,,t,n,,,t,e,a,,i,e,c,g,h,t,n,,+,,,,,,Keep,teaching
947,r+g+d+a+n,grand,FALSE,,,rgdan,1,,,,r,,g,d,,a,n,,,g,r,a,,r,g,d,a,n,,,,+,,,,,,Keep,grand
948,i+e+g+t+n+s,testing,FALSE,,,iegtns,0,,,i,e,,g,,,t,n,s,,t,e,s,,i,e,g,t,n,s,,,+,,,,,,Keep,testing
949,i+r+t+l,trial,FALSE,,,irtl,1,,,i,r,,,,,t,l,,,t,r,i,,i,r,t,l,,,,,+,,,,,,Keep,trial
950,r+c+g+h+a,charge,FALSE,,,rcgha,0,,,,r,c,g,h,,a,,,,c,h,a,,r,c,g,h,a,,,,+,,,,,,Keep,charge
951,u+i+t+n+s,units,FALSE,,,uitns,0,,u,i,,,,,,t,n,s,,u,n,i,,u,i,t,n,s,,,,+,,,,,,Keep,units
952,i+e+d+a+n+s,instead,FALSE,,,iedans,0,,,i,e,,,d,,a,n,s,,i,n,s,,i,e,d,a,n,s,,,+,,,,,,Keep,instead
953,i+c+d+a+n,canadian,FALSE,,,icdan,1,,,i,,c,,d,,a,n,,,c,a,n,,i,c,d,a,n,,,,+,,,,,,Keep,canadian
954,o+r+m+a+n,normal,FALSE,,,orman,0,,,o,r,m,,,,a,n,,,n,o,r,,o,r,m,a,n,,,,+,,,,,,Keep,normal
955,o+r+w+t,wrote,FALSE,,,orwt,0,,,o,r,,w,,,t,,,,w,r,o,,o,r,w,t,,,,,+,,,,,,Keep,wrote
956,i+e+p+t+n+s,enterprise,FALSE,,,ieptns,0,,,i,e,,,p,,t,n,s,,e,n,t,,i,e,p,t,n,s,,,+,,,,,,Keep,enterprise
957,i+h+s,ships,FALSE,,,ihs,0,,,i,,,,h,,,,s,,s,h,i,,i,h,s,,,,,,+,,,,,,Keep,ships
958,i+e+t+n,entire,FALSE,,,ietn,0,,,i,e,,,,,t,n,,,e,n,t,,i,e,t,n,,,,,+,,,,,,Keep,entire
959,u+i+e+c+d+a+l,educational,FALSE,,,uiecdal,0,,u,i,e,c,,d,,a,l,,,e,d,u,,u,i,e,c,d,a,l,,+,,,,,,Keep,educational
960,i+e+g+d+a+l,leading,FALSE,,,iegdal,0,,,i,e,,g,d,,a,l,,,l,e,a,,i,e,g,d,a,l,,,+,,,,,,Keep,leading
961,e+m+t+l,metal,FALSE,,,emtl,0,,,,e,m,,,,t,l,,,m,e,t,,e,m,t,l,,,,,+,,,,,,Keep,metal
962,o+e+v+p+t+s,positive,FALSE,,,oevpts,0,,,o,e,v,,p,,t,,s,,p,o,s,,o,e,v,p,t,s,,,+,,,,,,Keep,positive
963,i+e+f+t+n+s,fitness,FALSE,,,ieftns,0,,,i,e,,,f,,t,n,s,,f,i,t,,i,e,f,t,n,s,,,+,,,,,,Keep,fitness
964,i+e+c+h+n+s,chinese,FALSE,,,iechns,0,,,i,e,c,,h,,,n,s,,c,h,i,,i,e,c,h,n,s,,,+,,,,,,Keep,chinese
965,o+p+n,opinion,FALSE,,,opn,0,,,o,,,,p,,,n,,,o,p,i,,o,p,n,,,,,,+,,,,,,Keep,opinion
966,o+f+b+a+l,football,FALSE,,,ofbal,0,,,o,,,,f,b,a,l,,,f,o,o,,o,f,b,a,l,,,,+,,,,,,Keep,football
967,r+c+b+a+s,abstract,FALSE,,,rcbas,0,,,,r,c,,,b,a,,s,,a,b,s,,r,c,b,a,s,,,,+,,,,,,Keep,abstract
968,u+o+p+t,output,FALSE,,,uopt,0,,u,o,,,,p,,t,,,,o,u,t,,u,o,p,t,,,,,+,,,,,,Keep,output
969,u+f+n+s,funds,FALSE,,,ufns,0,,u,,,,,f,,,n,s,,f,u,n,,u,f,n,s,,,,,+,,,,,,Keep,funds
970,r+g+a,greater,FALSE,,,rga,1,,,,r,,g,,,a,,,,g,r,e,,r,g,a,,,,,,+,,,,,,Keep,greater
971,i+e+k+l+y,likely,FALSE,,,iekly,0,,,i,e,k,,,,,l,y,,l,i,k,,i,e,k,l,y,,,,+,,,,,,Keep,likely
972,o+e+v+d+l,develop,FALSE,,,oevdl,1,,,o,e,v,,d,,,l,,,d,e,v,,o,e,v,d,l,,,,+,,,,,,Keep,develop
973,o+e+m+p+l+y,employees,FALSE,,,oemply,0,,,o,e,m,,p,,,l,y,,e,m,p,,o,e,m,p,l,y,,,+,,,,,,Keep,employees
974,,artists,FALSE,,,iras,1,,,i,r,,,,,a,,s,,a,r,t,,,,,,,,,,,,,,,,Keep,artists
975,,alternative,FALSE,,,irval,0,,,i,r,v,,,,a,l,,,a,l,t,,,,,,,,,,,,,,,,Keep,alternative
976,o+r+c+g+p+n+s,processing,FALSE,,,orcgpns,0,,,o,r,c,g,p,,,n,s,,p,r,o,,o,r,c,g,p,n,s,,+,,,,,,Keep,processing
977,i+r+p+b+t+l+s,responsibility,FALSE,,,irpbtls,0,,,i,r,,,p,b,t,l,s,,r,e,s,,i,r,p,b,t,l,s,,+,,,,,,Keep,responsibility
978,u+i+r+t+l+s,resolution,FALSE,,,uirtls,0,,u,i,r,,,,,t,l,s,,r,e,s,,u,i,r,t,l,s,,,+,,,,,,Keep,resolution
979,u+e+g+t+s,guest,FALSE,,,uegts,0,,u,,e,,g,,,t,,s,,g,u,e,,u,e,g,t,s,,,,+,,,,,,Keep,guest
980,e+m+s,seems,FALSE,,,ems,0,,,,e,m,,,,,,s,,s,e,e,,e,m,s,,,,,,+,,,,,,Keep,seems
981,u+i+c+p+b+a+l,publication,FALSE,,,uicpbal,0,,u,i,,c,,p,b,a,l,,,p,u,b,,u,i,c,p,b,a,l,,+,,,,,,Keep,publication
982,i+r+a+l+s,relations,FALSE,,,irals,0,,,i,r,,,,,a,l,s,,r,e,l,,i,r,a,l,s,,,,+,,,,,,Keep,relations
983,u+r+t+s,trust,FALSE,,,urts,0,,u,,r,,,,,t,,s,,t,r,u,,u,r,t,s,,,,,+,,,,,,Keep,trust
984,o+c+a+n+s,contains,FALSE,,,ocans,0,,,o,,c,,,,a,n,s,,c,o,n,,o,c,a,n,s,,,,+,,,,,,Keep,contains
985,i+e+n+s,session,FALSE,,,iens,1,,,i,e,,,,,,n,s,,s,e,s,,i,e,n,s,,,,,+,,,,,,Keep,session
986,u+i+m+t+l,multi,FALSE,,,uimtl,0,,u,i,,m,,,,t,l,,,m,u,l,,u,i,m,t,l,,,,+,,,,,,Keep,multi
987,o+r+g+p+a+y,photography,FALSE,,,orgpay,0,,,o,r,,g,p,,a,,y,,p,h,o,,o,r,g,p,a,y,,,+,,,,,,Keep,photography
988,u+i+r+c+p+b+l,republic,FALSE,,,uircpbl,0,,u,i,r,c,,p,b,,l,,,r,e,p,,u,i,r,c,p,b,l,,+,,,,,,Keep,republic
989,o+e+c+p+t+n+s,components,FALSE,,,oecptns,0,,,o,e,c,,p,,t,n,s,,c,o,m,,o,e,c,p,t,n,s,,+,,,,,,Keep,components
990,i+v+a+n,vacation,FALSE,,,ivan,0,,,i,,v,,,,a,n,,,v,a,c,,i,v,a,n,,,,,+,,,,,,Keep,vacation
991,u+e+c+t+n+y,century,FALSE,,,uectny,0,,u,,e,c,,,,t,n,y,,c,e,n,,u,e,c,t,n,y,,,+,,,,,,Keep,century
992,i+e+c+d+a,academic,FALSE,,,iecda,0,,,i,e,c,,d,,a,,,,a,c,a,,i,e,c,d,a,,,,+,,,,,,Keep,academic
993,i+e+c+a+n+s,assistance,FALSE,,,iecans,0,,,i,e,c,,,,a,n,s,,a,s,s,,i,e,c,a,n,s,,,+,,,,,,Keep,assistance
994,o+e+c+p+t+l,completed,FALSE,,,oecptl,1,,,o,e,c,,p,,t,l,,,c,o,m,,o,e,c,p,t,l,,,+,,,,,,Keep,completed
995,i+r+c+g+p+a+s,graphics,FALSE,,,ircgpas,0,,,i,r,c,g,p,,a,,s,,g,r,a,,i,r,c,g,p,a,s,,+,,,,,,Keep,graphics
996,i+d+a+n,indian,FALSE,,,idan,2,,,i,,,,d,,a,n,,,i,n,d,,i,d,a,n,,,,,+,,,,,,Keep,indian
997,e+c+p+x+t,expected,FALSE,,,ecpxt,0,,,,e,c,,p,x,t,,,,e,x,p,,e,c,p,x,t,,,,+,,,,,,Keep,expected
998,r+g+d+a,grade,FALSE,,,rgda,0,,,,r,,g,d,,a,,,,g,r,a,,r,g,d,a,,,,,+,,,,,,Keep,grade
999,i+g+d+a+n,dating,FALSE,,,igdan,0,,,i,,,g,d,,a,n,,,d,a,t,,i,g,d,a,n,,,,+,,,,,,Keep,dating
1000,i+c+p+a,pacific,FALSE,,,icpa,0,,,i,,c,,p,,a,,,,p,a,c,,i,c,p,a,,,,,+,,,,,,Keep,pacific
1001,u+o+m+a+n,mountain,FALSE,,,uoman,1,,u,o,,m,,,,a,n,,,m,o,u,,u,o,m,a,n,,,,+,,,,,,Keep,mountain
1002,o+r+g+a+n+s,organizations,FALSE,,,organs,0,,,o,r,,g,,,a,n,s,,o,r,g,,o,r,g,a,n,s,,,+,,,,,,Keep,organizations
1003,i+r+f+t+l,filter,FALSE,,,irftl,0,,,i,r,,,f,,t,l,,,f,i,l,,i,r,f,t,l,,,,+,,,,,,Keep,filter
1004,i+m+g+a+l,mailing,FALSE,,,imgal,0,,,i,,m,g,,,a,l,,,m,a,i,,i,m,g,a,l,,,,+,,,,,,Keep,mailing
1005,i+e+v+h+l,vehicle,FALSE,,,ievhl,0,,,i,e,v,,h,,,l,,,v,e,h,,i,e,v,h,l,,,,+,,,,,,Keep,vehicle
1006,o+r+g+l,longer,FALSE,,,orgl,0,,,o,r,,g,,,,l,,,l,o,n,,o,r,g,l,,,,,+,,,,,,Keep,longer
1007,o+r+c+d+n+s,consider,FALSE,,,orcdns,1,,,o,r,c,,d,,,n,s,,c,o,n,,o,r,c,d,n,s,,,+,,,,,,Keep,consider
1008,o+r+h+t+n,northern,FALSE,,,orhtn,1,,,o,r,,,h,,t,n,,,n,o,r,,o,r,h,t,n,,,,+,,,,,,Keep,northern
1009,i+e+h+b+n,behind,FALSE,,,iehbn,0,,,i,e,,,h,b,,n,,,b,e,h,,i,e,h,b,n,,,,+,,,,,,Keep,behind
1010,e+p+a+n,panel,FALSE,,,epan,0,,,,e,,,p,,a,n,,,p,a,n,,e,p,a,n,,,,,+,,,,,,Keep,panel
1011,o+r+f+l,floor,FALSE,,,orfl,0,,,o,r,,,f,,,l,,,f,l,o,,o,r,f,l,,,,,+,,,,,,Keep,floor
1012,e+m+g+a+n,german,FALSE,,,emgan,1,,,,e,m,g,,,a,n,,,g,e,r,,e,m,g,a,n,,,,+,,,,,,Keep,german
1013,u+i+g+b+n+y,buying,FALSE,,,uigbny,0,,u,i,,,g,,b,,n,y,,b,u,y,,u,i,g,b,n,y,,,+,,,,,,Keep,buying
1014,m+h+a,match,FALSE,,,mha,0,,,,,m,,h,,a,,,,m,a,t,,m,h,a,,,,,,+,,,,,,Keep,match
1015,o+r+p+s,proposed,FALSE,,,orps,0,,,o,r,,,p,,,,s,,p,r,o,,o,r,p,s,,,,,+,,,,,,Keep,proposed
1016,u+e+d+a+l,default,FALSE,,,uedal,0,,u,,e,,,d,,a,l,,,d,e,f,,u,e,d,a,l,,,,+,,,,,,Keep,default
1017,u+i+r+q,require,FALSE,,,uirq,0,,u,i,r,,,,q,,,,,r,e,q,,u,i,r,q,,,,,+,,,,,,Keep,require
1018,u+o+r+d+t,outdoor,FALSE,,,uordt,0,,u,o,r,,,d,,t,,,,o,u,t,,u,o,r,d,t,,,,+,,,,,,Keep,outdoor
1019,o+r+m+g+n,morning,FALSE,,,ormgn,0,,,o,r,m,g,,,,n,,,m,o,r,,o,r,m,g,n,,,,+,,,,,,Keep,morning
1020,o+r+w+h+t+s,otherwise,FALSE,,,orwhts,0,,,o,r,,w,h,,t,,s,,o,t,h,,o,r,w,h,t,s,,,+,,,,,,Keep,otherwise
1021,o+w+a+l+s,allows,FALSE,,,owals,0,,,o,,,w,,,a,l,s,,a,l,l,,o,w,a,l,s,,,,+,,,,,,Keep,allows
1022,o+r+p+t+n,protein,FALSE,,,orptn,0,,,o,r,,,p,,t,n,,,p,r,o,,o,r,p,t,n,,,,+,,,,,,Keep,protein
1023,p+a+l,plant,FALSE,,,pal,0,,,,,,,p,,a,l,,,p,l,a,,p,a,l,,,,,,+,,,,,,Keep,plant
1024,o+r+p+t,reported,FALSE,,,orpt,1,,,o,r,,,p,,t,,,,r,e,p,,o,r,p,t,,,,,+,,,,,,Keep,reported
1025,i+r+p+t+n+s,transportation,FALSE,,,irptns,1,,,i,r,,,p,,t,n,s,,t,r,a,,i,r,p,t,n,s,,,+,,,,,,Keep,transportation
1026,o+c+p+t+l+s,politics,FALSE,,,ocptls,0,,,o,,c,,p,,t,l,s,,p,o,l,,o,c,p,t,l,s,,,+,,,,,,Keep,politics
1027,r+p+a+n,partner,FALSE,,,rpan,0,,,,r,,,p,,a,n,,,p,a,r,,r,p,a,n,,,,,+,,,,,,Keep,partner
1028,i+r+m+d+a+l+s,disclaimer,FALSE,,,irmdals,0,,,i,r,m,,d,,a,l,s,,d,i,s,,i,r,m,d,a,l,s,,+,,,,,,Keep,disclaimer
1029,u+o+r+h+a+s,authors,FALSE,,,uorhas,0,,u,o,r,,,h,,a,,s,,a,u,t,,u,o,r,h,a,s,,,+,,,,,,Keep,authors
1030,o+r+d+b+a+s,boards,FALSE,,,ordbas,0,,,o,r,,,d,b,a,,s,,b,o,a,,o,r,d,b,a,s,,,+,,,,,,Keep,boards
1031,u+c+f+a+l+y,faculty,FALSE,,,ucfaly,0,,u,,,c,,f,,a,l,y,,f,a,c,,u,c,f,a,l,y,,,+,,,,,,Keep,faculty
1032,i+r+p+a+s,parties,FALSE,,,irpas,0,,,i,r,,,p,,a,,s,,p,a,r,,i,r,p,a,s,,,,+,,,,,,Keep,parties
1033,i+e+m+p+b+s,membership,FALSE,,,iempbs,0,,,i,e,m,,p,b,,,s,,m,e,m,,i,e,m,p,b,s,,,+,,,,,,Keep,membership
1034,i+m+n+s,mission,FALSE,,,imns,0,,,i,,m,,,,,n,s,,m,i,s,,i,m,n,s,,,,,+,,,,,,Keep,mission
1035,i+r+g+t+n+s,string,FALSE,,,irgtns,1,,,i,r,,g,,,t,n,s,,s,t,r,,i,r,g,t,n,s,,,+,,,,,,Keep,string
1036,e+n+s,sense,FALSE,,,ens,0,,,,e,,,,,,n,s,,s,e,n,,e,n,s,,,,,,+,,,,,,Keep,sense
1037,o+e+m+d,modified,FALSE,,,oemd,0,,,o,e,m,,d,,,,,,m,o,d,,o,e,m,d,,,,,+,,,,,,Keep,modified
1038,r+d+a+l+s,released,FALSE,,,rdals,0,,,,r,,,d,,a,l,s,,r,e,l,,r,d,a,l,s,,,,+,,,,,,Keep,released
1039,e+g+t+s,stage,FALSE,,,egts,0,,,,e,,g,,,t,,s,,s,t,a,,e,g,t,s,,,,,+,,,,,,Keep,stage
1040,i+r+t+n,internal,FALSE,,,irtn,2,,,i,r,,,,,t,n,,,i,n,t,,i,r,t,n,,,,,+,,,,,,Keep,internal
1041,o+g+d+s,goods,FALSE,,,ogds,0,,,o,,,g,d,,,,s,,g,o,o,,o,g,d,s,,,,,+,,,,,,Keep,goods
1042,o+r+c+d+n,recommended,FALSE,,,orcdn,0,,,o,r,c,,d,,,n,,,r,e,c,,o,r,c,d,n,,,,+,,,,,,Keep,recommended
1043,u+e+n+s,unless,FALSE,,,uens,1,,u,,e,,,,,,n,s,,u,n,l,,u,e,n,s,,,,,+,,,,,,Keep,unless
1044,i+r+c+d+a,richard,FALSE,,,ircda,0,,,i,r,c,,d,,a,,,,r,i,c,,i,r,c,d,a,,,,+,,,,,,Keep,richard
1045,i+e+d+t+l,detailed,FALSE,,,iedtl,0,,,i,e,,,d,,t,l,,,d,e,t,,i,e,d,t,l,,,,+,,,,,,Keep,detailed
1046,e+p+a+j+s,japanese,FALSE,,,epajs,0,,,,e,,,p,,a,j,s,,j,a,p,,e,p,a,j,s,,,,+,,,,,,Keep,japanese
1047,o+r+v+p+a,approved,FALSE,,,orvpa,0,,,o,r,v,,p,,a,,,,a,p,p,,o,r,v,p,a,,,,+,,,,,,Keep,approved
1048,u+o+r+c+g+d+b+a,background,FALSE,,,uorcgdban,0,,u,o,r,c,g,d,b,a,n,,,b,a,c,,u,o,r,c,g,d,b,a,+,,,,,,Keep,background
1049,r+g+t,target,FALSE,,,rgt,0,,,,r,,g,,,t,,,,t,a,r,,r,g,t,,,,,,+,,,,,,Keep,target
1050,,except,FALSE,,,ecpxt,1,,,,e,c,,p,x,t,,,,e,x,c,,e,c,p,x,t,,,,+,,,,,,Keep,except
1051,,character,FALSE,,,rcha,1,,,,r,c,,h,,a,,,,c,h,a,,r,c,h,a,,,,,+,,,,,,Keep,character
1052,,maintenance,FALSE,,,ieman,1,,,i,e,m,,,,a,n,,,m,a,i,,i,e,m,a,n,,,,+,,,,,,Keep,maintenance
1053,,ability,FALSE,,,ibaly,0,,,i,,,,,b,a,l,y,,a,b,i,,i,b,a,l,y,,,,+,,,,,,Keep,ability
1054,,maybe,FALSE,,,embay,0,,,,e,m,,,b,a,,y,,m,a,y,,e,m,b,a,y,,,,+,,,,,,Keep,maybe
1055,,functions,FALSE,,,uicftns,0,,u,i,,c,,f,,t,n,s,,f,u,n,,u,i,c,f,t,n,s,,+,,,,,,Keep,functions
1056,,moving,FALSE,,,omgn,0,,,o,,m,g,,,,n,,,m,o,v,,o,m,g,n,,,,,+,,,,,,Keep,moving
1057,,brands,FALSE,,,rdbans,0,,,,r,,,d,b,a,n,s,,b,r,a,,r,d,b,a,n,s,,,+,,,,,,Keep,brands
1058,,places,FALSE,,,ecpals,0,,,,e,c,,p,,a,l,s,,p,l,a,,e,c,p,a,l,s,,,+,,,,,,Keep,places
1059,,pretty,FALSE,,,rpty,0,,,,r,,,p,,t,,y,,p,r,e,,r,p,t,y,,,,,+,,,,,,Keep,pretty
1060,,trademarks,FALSE,,,rkdts,0,,,,r,k,,d,,t,,s,,t,r,a,,r,k,d,t,s,,,,+,,,,,,Keep,trademarks
1061,,phentermine,FALSE,,,iemptn,0,,,i,e,m,,p,,t,n,,,p,h,e,,i,e,m,p,t,n,,,+,,,,,,Keep,phentermine
1062,,spain,FALSE,,,ipans,0,,,i,,,,p,,a,n,s,,s,p,a,,i,p,a,n,s,,,,+,,,,,,Keep,spain
1063,,southern,FALSE,,,uorhtns,0,,u,o,r,,,h,,t,n,s,,s,o,u,,u,o,r,h,t,n,s,,+,,,,,,Keep,southern
1064,,yourself,FALSE,,,uorfly,0,,u,o,r,,,f,,,l,y,,y,o,u,,u,o,r,f,l,y,,,+,,,,,,Keep,yourself
1065,,winter,FALSE,,,irwtn,1,,,i,r,,w,,,t,n,,,w,i,n,,i,r,w,t,n,,,,+,,,,,,Keep,winter
1066,,battery,FALSE,,,rbay,0,,,,r,,,,b,a,,y,,b,a,t,,r,b,a,y,,,,,+,,,,,,Keep,battery
1067,,youth,FALSE,,,uohty,0,,u,o,,,,h,,t,,y,,y,o,u,,u,o,h,t,y,,,,+,,,,,,Keep,youth
1068,,pressure,FALSE,,,urps,1,,u,,r,,,p,,,,s,,p,r,e,,u,r,p,s,,,,,+,,,,,,Keep,pressure
1069,,submitted,FALSE,,,uiemdbts,0,,u,i,e,m,,d,b,t,,s,,s,u,b,,u,i,e,m,d,b,t,s,+,,,,,,Keep,submitted
1070,,boston,FALSE,,,obtns,0,,,o,,,,,b,t,n,s,,b,o,s,,o,b,t,n,s,,,,+,,,,,,Keep,boston
1071,,keywords,FALSE,,,oekwdy,0,,,o,e,k,w,d,,,,y,,k,e,y,,o,e,k,w,d,y,,,+,,,,,,Keep,keywords
1072,,medium,FALSE,,,uiemd,0,,u,i,e,m,,d,,,,,,m,e,d,,u,i,e,m,d,,,,+,,,,,,Keep,medium
1073,,television,FALSE,,,ievtls,0,,,i,e,v,,,,t,l,s,,t,e,l,,i,e,v,t,l,s,,,+,,,,,,Keep,television
1074,,interested,FALSE,,,irdtns,0,,,i,r,,,d,,t,n,s,,i,n,t,,i,r,d,t,n,s,,,+,,,,,,Keep,interested
1075,,break,FALSE,,,rkba,0,,,,r,k,,,b,a,,,,b,r,e,,r,k,b,a,,,,,+,,,,,,Keep,break
1078,,dance,FALSE,,,ecdan,0,,,,e,c,,d,,a,n,,,d,a,n,,e,c,d,a,n,,,,+,,,,,,Keep,dance
1079,,itself,FALSE,,,ieftls,0,,,i,e,,,f,,t,l,s,,i,t,s,,i,e,f,t,l,s,,,+,,,,,,Keep,itself
1080,,defined,FALSE,,,iedn,0,,,i,e,,,d,,,n,,,d,e,f,,i,e,d,n,,,,,+,,,,,,Keep,defined
1082,,playing,FALSE,,,igpaly,0,,,i,,,g,p,,a,l,y,,p,l,a,,i,g,p,a,l,y,,,+,,,,,,Keep,playing
1083,,awards,FALSE,,,rwdas,0,,,,r,,w,d,,a,,s,,a,w,a,,r,w,d,a,s,,,,+,,,,,,Keep,awards
1084,,studio,FALSE,,,uidts,0,,u,i,,,,d,,t,,s,,s,t,u,,u,i,d,t,s,,,,+,,,,,,Keep,studio
1086,,virtual,FALSE,,,uirval,0,,u,i,r,v,,,,a,l,,,v,i,r,,u,i,r,v,a,l,,,+,,,,,,Keep,virtual
1087,,device,FALSE,,,ievd,1,,,i,e,v,,d,,,,,,d,e,v,,i,e,v,d,,,,,+,,,,,,Keep,device
1088,,established,FALSE,,,iedbtls,0,,,i,e,,,d,b,t,l,s,,e,s,t,,i,e,d,b,t,l,s,,+,,,,,,Keep,established
1090,,remote,FALSE,,,ormt,0,,,o,r,m,,,,t,,,,r,e,m,,o,r,m,t,,,,,+,,,,,,Keep,remote
1091,,programming,FALSE,,,ormgpan,0,,,o,r,m,g,p,,a,n,,,p,r,o,,o,r,m,g,p,a,n,,+,,,,,,Keep,programming
1092,,external,FALSE,,,extl,0,,,,e,,,,x,t,l,,,e,x,t,,e,x,t,l,,,,,+,,,,,,Keep,external
1093,,apple,FALSE,,,epal,0,,,,e,,,p,,a,l,,,a,p,p,,e,p,a,l,,,,,+,,,,,,Keep,apple
1095,,instructions,FALSE,,,uirctns,0,,u,i,r,c,,,,t,n,s,,i,n,s,,u,i,r,c,t,n,s,,+,,,,,,Keep,instructions
1097,,theory,FALSE,,,oehty,0,,,o,e,,,h,,t,,y,,t,h,e,,o,e,h,t,y,,,,+,,,,,,Keep,theory
1098,,enjoy,FALSE,,,oeny,0,,,o,e,,,,,,n,y,,e,n,j,,o,e,n,y,,,,,+,,,,,,Keep,enjoy
1099,,remove,FALSE,,,orm,0,,,o,r,m,,,,,,,,r,e,m,,o,r,m,,,,,,+,,,,,,Keep,remove
1100,,surface,FALSE,,,urcfas,0,,u,,r,c,,f,,a,,s,,s,u,r,,u,r,c,f,a,s,,,+,,,,,,Keep,surface
1101,,minimum,FALSE,,,uimn,0,,u,i,,m,,,,,n,,,m,i,n,,u,i,m,n,,,,,+,,,,,,Keep,minimum
1102,,visual,FALSE,,,uivals,0,,u,i,,v,,,,a,l,s,,v,i,s,,u,i,v,a,l,s,,,+,,,,,,Keep,visual
1103,,variety,FALSE,,,irvay,0,,,i,r,v,,,,a,,y,,v,a,r,,i,r,v,a,y,,,,+,,,,,,Keep,variety
1104,,teachers,FALSE,,,echts,0,,,,e,c,,h,,t,,s,,t,e,a,,e,c,h,t,s,,,,+,,,,,,Keep,teachers
1105,,martin,FALSE,,,irman,0,,,i,r,m,,,,a,n,,,m,a,r,,i,r,m,a,n,,,,+,,,,,,Keep,martin
1106,,manual,FALSE,,,uman,0,,u,,,m,,,,a,n,,,m,a,n,,u,m,a,n,,,,,+,,,,,,Keep,manual
1107,,block,FALSE,,,okbl,0,,,o,,k,,,b,,l,,,b,l,o,,o,k,b,l,,,,,+,,,,,,Keep,block